ID,BirdID,Year,Date,SunriseTimeDaylightSavings,TimeCapt,TimeOfDay,Sex,SexMF,Stage,Ageminyears,Agecat,PCV,PCVcntr,PCVcntr2,PCV_percent,PCV_percent_cntr,PCV_percent_cntr2,Hb,Hbcntr,Hbcntr2,Hbdiv10,Hbdiv10cntr,Hbdiv10cntr2,TPP,TPPcntr,TPPcntr2,HL_original,Log10HL_original,Log10HL_original_cntr,Log10HL_original_cntr2,HLAllOlyas,Log10HLAllOlyas,Log10HLAllOlyas_cntr,Log10HLAllOlyas_cntr2,SMI,SMIcntr,SMIcntr2,Muscle,Musclecntr,Musclecntr2,Fat,Fatcntr,Fatcntr2,PC1,PC1sq,PC2,PC2sq,PC3,PC3sq,NumberIndependent
3,026-25512,3(2008-09),27-Apr-09,5:47,6:30,43,1,M,N,5,A1Y,0.5,0.019571,0.000383,50,2,4,190,14,196,19,1.4,1.96,4.3,-0.6479,0.419719,0.170732,-0.767686,-0.547124,0.299345,0.136364,-0.865301,-0.659929,0.435507,10.72,0.6143,0.3773,2,0.25,0.0643,1,-0.94,0.8756,1.167644,1.363393,-1.845509,3.405902,-0.807641,0.652284,5
4,026-25512,4(2009-10),29-Apr-10,5:48,10:43,295,1,M,post,6,A1Y,0.49,0.009571,0.000092,49,1,1,188,12,144,18.8,1.2,1.44,4.4,-0.5479,0.300147,0.851852,-0.069636,0.150926,0.022779,0.851852,-0.069636,0.135736,0.018424,11.05,0.9387,0.8812,2,0.25,0.0643,1,-0.94,0.8756,0.743153,0.552276,-0.740864,0.54888,-0.30092,0.090553,0
6,026-25513,3(2008-09),13-Mar-09,6:38,11:17,279,0,F,L,5,A1Y,0.48,-0.000429,0,48,0,0,148,-28,784,14.8,-2.8,7.84,4.5,-0.4479,0.200576,0.507692,-0.294399,-0.073838,0.005452,0.507692,-0.294399,-0.089027,0.007926,12.75,2.6429,6.9847,1.5,-0.25,0.0607,3,1.06,1.1327,-2.358087,5.560575,-1.302792,1.697267,0.000239,0,1
7,026-25517,3(2008-09),19-Feb-09,6:31,10:42,251,1,M,I,5,A1Y,0.52,0.039571,0.001566,52,4,16,191,15,225,19.1,1.5,2.25,4,-0.9479,0.898433,2.096774,0.321552,0.542113,0.293887,2.096774,0.321552,0.526924,0.277649,9.75,-0.3607,0.1301,1.5,-0.25,0.0607,2.5,0.56,0.3184,1.604464,2.574304,1.204366,1.450497,1.168295,1.364913,5
8,026-25520,3(2008-09),13-Mar-09,6:38,10:25,227,1,M,L,5,A1Y,0.46,-0.020429,0.000417,46,-2,4,185,9,81,18.5,0.9,0.81,6.4,1.4521,2.108719,0.342466,-0.465383,-0.244821,0.059937,0.342466,-0.465383,-0.260011,0.067606,9.27,-0.838,0.7023,2,0.25,0.0643,1,-0.94,0.8756,-0.106066,0.01125,-0.46302,0.214387,-0.276062,0.07621,1
9,026-29138,3(2008-09),9-Apr-09,5:43,5:35,-8,0,F,N,5,A1Y,0.53,0.049571,0.002457,53,5,25,190,14,196,19,1.4,1.96,5,0.0521,0.002719,0.616667,-0.20995,0.010612,0.000113,0.587302,-0.231139,-0.025767,0.000664,9.77,-0.3449,0.119,1,-0.75,0.5572,2.5,0.56,0.3184,0.943119,0.889474,0.526031,0.276709,1.552991,2.411781,2
10,026-29138,4(2009-10),23-Jan-10,5:18,9:00,222,0,F,I,6,A1Y,0.46,-0.020429,0.000417,46,-2,4,171,-5,25,17.1,-0.5,0.25,4.8,-0.1479,0.021862,2.846154,0.454258,0.67482,0.455382,2.846154,0.454258,0.65963,0.435112,10.63,0.5229,0.2734,1,-0.75,0.5572,3,1.06,1.1327,-1.231956,1.517716,1.630724,2.659261,1.13903,1.297388,5
13,026-29342,4(2009-10),4-Mar-10,5:36,9:55,259,1,M,N,6,A1Y,0.5,0.019571,0.000383,50,2,4,193,17,289,19.3,1.7,2.89,4.8,-0.1479,0.021862,2.846154,0.454258,0.67482,0.455382,2.846154,0.454258,0.65963,0.435112,9.85,-0.2578,0.0664,2,0.25,0.0643,2,0.06,0.0041,1.198056,1.435338,0.697155,0.486025,0.931003,0.866767,0
14,026-29349,3(2008-09),15-Apr-09,5:45,6:25,40,0,F,N,5,A1Y,0.48,-0.000429,0,48,0,0,187,11,121,18.7,1.1,1.21,4.2,-0.7479,0.55929,0.5,-0.30103,-0.080468,0.006475,0.5,-0.30103,-0.095658,0.00915,9.79,-0.3221,0.1037,2,0.25,0.0643,1,-0.94,0.8756,1.25668,1.579245,-0.104674,0.010957,-0.822608,0.676684,7
16,026-29363,3(2008-09),24-Feb-09,6:33,9:00,147,1,M,N,5,A1Y,0.52,0.039571,0.001566,52,4,16,185,9,81,18.5,0.9,0.81,5.2,0.2521,0.063576,0.114943,-0.939519,-0.718958,0.5169,0.114943,-0.939519,-0.734147,0.538972,9.98,-0.1259,0.0159,1.5,-0.25,0.0607,2,0.06,0.0041,0.714374,0.51033,-1.215117,1.476508,0.359848,0.129491,0
17,026-29455,3(2008-09),9-Mar-09,6:37,7:26,49,1,M,I,4,A1Y,0.53,0.049571,0.002457,53,5,25,208,32,1024,20.8,3.2,10.24,4.9,-0.0479,0.00229,8.9,0.94939,1.169952,1.368787,8.9,0.94939,1.154762,1.333475,9.58,-0.5278,0.2785,1.5,-0.25,0.0607,1.5,-0.44,0.1898,2.17868,4.746648,1.863115,3.471197,1.993263,3.973097,5
19,026-29456,3(2008-09),6-Apr-09,5:43,8:18,155,1,M,N,4,A1Y,0.49,0.009571,0.000092,49,1,1,170,-6,36,17,-0.6,0.36,4.4,-0.5479,0.300147,0.2,-0.69897,-0.478408,0.228875,0.369863,-0.431959,-0.226587,0.051342,10.23,0.1183,0.014,1,-0.75,0.5572,2,0.06,0.0041,-0.160592,0.02579,0.511935,0.262077,-0.029106,0.000847,4
22,026-33190,4(2009-10),25-Dec-09,5:00,6:40,100,1,M,pre,5,A1Y,0.45,-0.030429,0.000926,45,-3,9,185,9,81,18.5,0.9,0.81,5,0.0521,0.002719,1.222222,0.08715,0.307712,0.094687,1.222222,0.08715,0.292522,0.085569,10.48,0.3706,0.1373,1.5,-0.25,0.0607,4,2.06,4.2613,-0.965035,0.931292,0.373124,0.139222,1.522411,2.317734,3
23,026-33360,4(2009-10),4-Mar-10,5:36,10:48,312,0,F,N,5,A1Y,0.47,-0.010429,0.000109,47,-1,1,165,-11,121,16.5,-1.1,1.21,4.5,-0.4479,0.200576,0.351351,-0.454258,-0.233697,0.054614,0.351351,-0.454258,-0.248886,0.061944,9.79,-0.3221,0.1037,1,-0.75,0.5572,3.5,1.56,2.447,-0.846427,0.716439,0.858345,0.736755,0.473658,0.224352,0
28,026-33750,3(2008-09),28-Feb-09,6:34,9:18,164,1,M,L,3,A1Y,0.475,-0.005429,0.000029,47.5,-0.5,0.25,164,-12,144,16.4,-1.2,1.44,5,0.0521,0.002719,0.546875,-0.262112,-0.04155,0.001726,0.546875,-0.262112,-0.05674,0.003219,9.55,-0.5563,0.3095,2,0.25,0.0643,1,-0.94,0.8756,0.043794,0.001918,0.26274,0.069032,-1.135709,1.289834,1
30,026-33750,4(2009-10),6-Apr-10,5:43,6:10,27,1,M,L,4,A1Y,0.465,-0.015429,0.000238,46.5,-1.5,2.25,160,-16,256,16,-1.6,2.56,4.8,-0.1479,0.021862,0.754386,-0.122406,0.098155,0.009634,0.754386,-0.122406,0.082966,0.006883,9.17,-0.9367,0.8774,2,0.25,0.0643,0,-1.94,3.747,0.272961,0.074508,0.958359,0.918452,-1.941859,3.770815,1
33,026-33764,3(2008-09),31-Mar-09,5:42,5:49,7,0,F,L,3,A1Y,0.45,-0.030429,0.000926,45,-3,9,153,-23,529,15.3,-2.3,5.29,5.2,0.2521,0.063576,0.137931,-0.860338,-0.639776,0.409314,0.052632,-1.278754,-1.073382,1.152148,11.64,1.5293,2.3387,1.5,-0.25,0.0607,1,-0.94,0.8756,-2.066678,4.271159,-2.135468,4.560224,-1.832213,3.357004,5
36,026-33764,4(2009-10),29-Apr-10,5:48,10:43,295,0,F,post,4,A1Y,0.48,-0.000429,0,48,0,0,180,4,16,18,0.4,0.16,4.8,-0.1479,0.021862,0.204819,-0.688629,-0.468068,0.219087,0.204819,-0.688629,-0.483257,0.233537,10.64,0.5341,0.2853,2,0.25,0.0643,2,0.06,0.0041,0.03401,0.001157,-1.446212,2.091529,-0.363338,0.132014,0
38,026-33905,4(2009-10),1-Mar-10,5:35,7:06,91,0,F,N,5,A1Y,0.48,-0.000429,0,48,0,0,177,1,1,17.7,0.1,0.01,5,0.0521,0.002719,0.333333,-0.477121,-0.25656,0.065823,0.333333,-0.477121,-0.271749,0.073848,10.13,0.0234,0.0005,2,0.25,0.0643,3,1.06,1.1327,-0.168135,0.028269,-0.793164,0.629109,0.312899,0.097906,2
39,026-33911,3(2008-09),19-Feb-09,6:31,10:17,226,1,M,L,3,A1Y,0.5,0.019571,0.000383,50,2,4,180,4,16,18,0.4,0.16,4.8,-0.1479,0.021862,1.214286,0.084321,0.304883,0.092953,1.214286,0.084321,0.289693,0.083922,9.85,-0.2632,0.0693,2,0.25,0.0643,2.5,0.56,0.3184,0.62482,0.3904,0.263379,0.069368,0.595353,0.354445,4
41,026-33920,3(2008-09),15-Apr-09,5:45,6:45,60,0,F,L,3,A1Y,0.42,-0.060429,0.003652,42,-6,36,153,-23,529,15.3,-2.3,5.29,6.4,1.4521,2.108719,1.021277,0.009143,0.229705,0.052764,1.021277,0.009143,0.214515,0.046017,11.78,1.6742,2.8031,1.5,-0.25,0.0607,2,0.06,0.0041,-3.486566,12.156139,-0.37664,0.141857,-0.072479,0.005253,1
42,026-33934,3(2008-09),24-Feb-09,6:33,11:06,273,0,F,I,3,A1Y,0.46,-0.020429,0.000417,46,-2,4,186,10,100,18.6,1,1,5,0.0521,0.002719,0.732143,-0.135404,0.085157,0.007252,0.732143,-0.135404,0.069968,0.004895,11.08,0.9706,0.942,2,0.25,0.0643,3,1.06,1.1327,-0.614653,0.377798,-0.952719,0.907674,0.710965,0.505471,4
43,026-34057,4(2009-10),20-Dec-09,4:58,7:30,152,0,F,pre,4,A1Y,0.5,0.019571,0.000383,50,2,4,172,-4,16,17.2,-0.4,0.16,4.4,-0.5479,0.300147,1.173913,0.069636,0.290198,0.084215,1.173913,0.069636,0.275008,0.075629,9.95,-0.1582,0.025,2,0.25,0.0643,3,1.06,1.1327,0.401012,0.16081,0.36091,0.130256,0.48835,0.238486,1
44,026-34083,3(2008-09),9-Apr-09,5:43,6:04,21,1,M,I,3,A1Y,0.47,-0.010429,0.000109,47,-1,1,175,-1,1,17.5,-0.1,0.01,4.6,-0.3479,0.121005,0.253165,-0.596597,-0.376035,0.141403,0.282051,-0.549672,-0.3443,0.118542,10.21,0.0973,0.0095,2,0.25,0.0643,1,-0.94,0.8756,0.255084,0.065068,-0.697434,0.486414,-1.20322,1.447739,0
48,026-36710,3(2008-09),20-Feb-09,6:32,9:27,175,0,F,L,3,A1Y,0.425,-0.055429,0.003072,42.5,-5.5,30.25,156,-20,400,15.6,-2,4,5.8,0.8521,0.726147,2.92,0.465383,0.685945,0.47052,2.92,0.465383,0.670755,0.449912,11.28,1.1726,1.3749,1,-0.75,0.5572,3,1.06,1.1327,-3.170902,10.054618,1.291473,1.667902,0.910529,0.829062,4
49,026-46307,4(2009-10),3-Mar-10,5:35,10:53,318,1,M,N,2,A1Y,0.48,-0.000429,0,48,0,0,190,14,196,19,1.4,1.96,4.4,-0.5479,0.300147,0.492537,-0.307561,-0.086999,0.007569,0.492537,-0.307561,-0.102189,0.010443,9.74,-0.3696,0.1366,2,0.25,0.0643,2,0.06,0.0041,1.040206,1.082028,-0.220199,0.048488,-0.092387,0.008535,0
50,026-46308,3(2008-09),26-Feb-09,6:34,10:27,233,1,M,I,2,A1Y,0.54,0.059571,0.003549,54,6,36,202,26,676,20.2,2.6,6.76,5.4,0.4521,0.204433,0.5,-0.30103,-0.080468,0.006475,0.5,-0.30103,-0.095658,0.00915,9.86,-0.2462,0.0606,1.5,-0.25,0.0607,2.5,0.56,0.3184,1.46344,2.141658,-0.499237,0.249237,1.842402,3.394447,0
52,026-46311,3(2008-09),24-Feb-09,6:33,10:18,225,1,M,L,1,1Y,0.5,0.019571,0.000383,50,2,4,196,20,400,19.6,2,4,5,0.0521,0.002719,0.229167,-0.639849,-0.419287,0.175801,0.229167,-0.639849,-0.434477,0.18877,9.86,-0.2462,0.0606,2,0.25,0.0643,4,2.06,4.2613,0.703286,0.494611,-1.266636,1.604366,1.445987,2.090878,3
54,026-46317,4(2009-10),22-Feb-10,5:32,10:38,306,1,M,L,1,1Y,0.52,0.039571,0.001566,52,4,16,188,12,144,18.8,1.2,1.44,4.4,-0.5479,0.300147,1.325581,0.122406,0.342968,0.117627,1.325581,0.122406,0.327778,0.107439,10.72,0.61,0.3721,2,0.25,0.0643,3,1.06,1.1327,0.910768,0.829499,-0.417559,0.174355,1.240911,1.53986,1
55,026-46319,4(2009-10),22-Feb-10,5:32,9:09,217,1,M,I,2,A1Y,0.48,-0.000429,0,48,0,0,183,7,49,18.3,0.7,0.49,4.8,-0.1479,0.021862,0.851852,-0.069636,0.150926,0.022779,0.851852,-0.069636,0.135736,0.018424,9.62,-0.486,0.2362,1.5,-0.25,0.0607,3,1.06,1.1327,0.187103,0.035008,0.720314,0.518852,0.897655,0.805785,0
56,026-46322,3(2008-09),19-Feb-09,6:31,9:17,166,1,M,I,2,A1Y,0.47,-0.010429,0.000109,47,-1,1,168,-8,64,16.8,-0.8,0.64,5.4,0.4521,0.204433,0.240506,-0.618873,-0.398312,0.158652,0.240506,-0.618873,-0.413501,0.170983,10.09,-0.0192,0.0004,2,0.25,0.0643,2,0.06,0.0041,-0.611087,0.373427,-0.881622,0.777258,-0.530259,0.281175,2
58,026-46335,4(2009-10),31-Mar-10,5:42,10:30,288,0,F,N,2,A1Y,0.48,-0.000429,0,48,0,0,186,10,100,18.6,1,1,3.7,-1.2479,1.557147,1.439024,0.158068,0.37863,0.143361,1.439024,0.158068,0.36344,0.132089,9.92,-0.1878,0.0353,2,0.25,0.0643,3,1.06,1.1327,0.977123,0.954769,0.601169,0.361404,0.419306,0.175818,2
59,026-46340,4(2009-10),16-Dec-09,4:56,10:25,329,1,M,pre,3,A1Y,0.48,-0.000429,0,48,0,0,163,-13,169,16.3,-1.3,1.69,5.7,0.7521,0.565719,1.380952,0.140179,0.36074,0.130134,1.380952,0.140179,0.345551,0.119405,9.81,-0.2988,0.0893,1,-0.75,0.5572,4,2.06,4.2613,-1.541424,2.375987,1.450998,2.105394,1.771289,3.137464,0
64,026-46369,4(2009-10),4-May-10,5:49,7:06,77,0,F,post,2,A1Y,0.475,-0.005429,0.000029,47.5,-0.5,0.25,174,-2,4,17.4,-0.2,0.04,4.1,-0.8479,0.718862,0.5625,-0.249877,-0.029316,0.000859,0.5625,-0.249877,-0.044505,0.001981,10.3,0.1877,0.0352,3,1.25,1.5714,1,-0.94,0.8756,0.965383,0.931964,-1.197104,1.433058,-1.715063,2.941443,1
66,026-46379,3(2008-09),15-May-09,5:53,7:49,116,0,F,post,1,1Y,0.48,-0.000429,0,48,0,0,179,3,9,17.9,0.3,0.09,4.8,-0.1479,0.021862,0.315068,-0.501595,-0.281033,0.07898,0.265823,-0.575408,-0.370036,0.136926,10.33,0.2166,0.0469,2,0.25,0.0643,1,-0.94,0.8756,0.384549,0.147878,-0.978219,0.956913,-0.913345,0.834199,2
72,026-46397,3(2008-09),9-Mar-09,6:37,7:57,80,0,F,I,1,1Y,0.455,-0.025429,0.000647,45.5,-2.5,6.25,155,-21,441,15.5,-2.1,4.41,4.5,-0.4479,0.200576,0.170732,-0.767686,-0.547124,0.299345,0.162791,-0.78837,-0.582998,0.339887,10.13,0.015,0.0002,2,0.25,0.0643,2,0.06,0.0041,-0.821478,0.674827,-0.693107,0.480397,-1.548041,2.39643,1
74,026-46397,4(2009-10),25-Dec-09,5:00,6:17,77,0,F,pre,2,A1Y,0.43,-0.050429,0.002543,43,-5,25,172,-4,16,17.2,-0.4,0.16,4.8,-0.1479,0.021862,0.538462,-0.268845,-0.048284,0.002331,0.538462,-0.268845,-0.063473,0.004029,9.26,-0.8481,0.7193,2,0.25,0.0643,2,0.06,0.0041,-0.371031,0.137664,0.557593,0.31091,-0.920012,0.846422,2
76,026-46405,3(2008-09),8-Apr-09,5:43,10:03,260,0,F,N,1,1Y,0.5,0.019571,0.000383,50,2,4,186,10,100,18.6,1,1,5,0.0521,0.002719,0.328767,-0.483112,-0.26255,0.068932,0.190476,-0.720159,-0.514787,0.265006,9.92,-0.1895,0.0359,2,0.25,0.0643,2.5,0.56,0.3184,0.675281,0.456005,-1.230076,1.513087,0.267907,0.071774,0
77,026-46443,4(2009-10),3-Mar-10,5:35,10:50,315,0,F,N,1,1Y,0.48,-0.000429,0,48,0,0,191,15,225,19.1,1.5,2.25,4.4,-0.5479,0.300147,0.666667,-0.176091,0.04447,0.001978,0.666667,-0.176091,0.029281,0.000857,9.94,-0.1688,0.0285,1.5,-0.25,0.0607,2,0.06,0.0041,0.768195,0.590124,0.357439,0.127762,0.323009,0.104335,0
80,026-46513,3(2008-09),6-Apr-09,5:43,5:37,-6,0,F,N,1,1Y,0.55,0.069571,0.00484,55,7,49,184,8,64,18.4,0.8,0.64,5.9,0.9521,0.906576,0.30137,-0.5209,-0.300339,0.090203,0.754386,-0.122406,0.082966,0.006883,9.83,-0.2806,0.0787,1.5,-0.25,0.0607,3,1.06,1.1327,0.619107,0.383294,-0.129087,0.016663,2.088766,4.362945,0
83,026-46513,4(2009-10),13-Dec-09,4:55,5:11,16,0,F,pre,2,A1Y,0.5,0.019571,0.000383,50,2,4,195,19,361,19.5,1.9,3.61,5.1,0.1521,0.023147,1,0,0.220562,0.048647,1,0,0.205372,0.042178,9.58,-0.526,0.2767,1.5,-0.25,0.0607,3.5,1.56,2.447,0.658999,0.434279,0.501561,0.251564,1.88397,3.549343,0
85,026-46548,3(2008-09),29-Mar-09,6:41,7:04,23,0,F,N,1,1Y,0.51,0.029571,0.000874,51,3,9,176,0,0,17.6,0,0,4.5,-0.4479,0.200576,0.195122,-0.709694,-0.489132,0.23925,0.195122,-0.709694,-0.504322,0.254341,9.35,-0.7553,0.5706,1,-0.75,0.5572,0,-1.94,3.747,1.185233,1.404777,0.572131,0.327333,-1.064559,1.133286,3
86,026-46554,3(2008-09),30-Mar-09,5:41,5:44,3,1,M,N,2,A1Y,0.52,0.039571,0.001566,52,4,16,200,24,576,20,2.4,5.76,4.6,-0.3479,0.121005,0.470588,-0.327359,-0.106797,0.011406,0.470588,-0.327359,-0.121987,0.014881,10.03,-0.0784,0.0062,2,0.25,0.0643,1.5,-0.44,0.1898,1.887487,3.562608,-0.811502,0.658535,0.394148,0.155352,3
89,026-46566,3(2008-09),16-Apr-09,5:45,7:56,131,0,F,N,1,1Y,0.495,0.014571,0.000212,49.5,1.5,2.25,175,-1,1,17.5,-0.1,0.01,5.1,0.1521,0.023147,0.287671,-0.541104,-0.320542,0.102747,0.287671,-0.541104,-0.335732,0.112716,9.63,-0.4792,0.2297,2,0.25,0.0643,1,-0.94,0.8756,0.646786,0.418332,-0.515821,0.266071,-0.791431,0.626363,1
90,026-46573,4(2009-10),8-Mar-10,5:37,9:51,254,0,F,N,1,1Y,0.48,-0.000429,0,48,0,0,171,-5,25,17.1,-0.5,0.25,4.1,-0.8479,0.718862,0.960784,-0.017374,0.203188,0.041285,0.960784,-0.017374,0.187998,0.035343,10.5,0.3916,0.1534,1,-0.75,0.5572,1,-0.94,0.8756,-0.007802,0.000061,1.142161,1.304531,-0.472525,0.22328,0
94,026-49143,3(2008-09),31-Mar-09,5:42,5:49,7,0,F,L,3,A1Y,0.42,-0.060429,0.003652,42,-6,36,138,-38,1444,13.8,-3.8,14.44,6.2,1.2521,1.567862,0.685185,-0.164192,0.05637,0.003178,0.685185,-0.164192,0.04118,0.001696,10.84,0.7294,0.532,1,-0.75,0.5572,0,-1.94,3.747,-3.200889,10.245693,0.890912,0.793725,-1.666704,2.777903,2
96,026-49268,4(2009-10),4-Mar-10,5:36,9:24,228,1,M,N,4,A1Y,0.46,-0.020429,0.000417,46,-2,4,178,2,4,17.8,0.2,0.04,4.8,-0.1479,0.021862,2.703704,0.431959,0.652521,0.425783,2.703704,0.431959,0.637331,0.406191,9.78,-0.3324,0.1105,2,0.25,0.0643,1,-0.94,0.8756,0.310936,0.096681,1.149626,1.321641,-0.464637,0.215887,1
105,026-49404,4(2009-10),29-Dec-09,5:02,5:28,26,1,M,pre,4,A1Y,0.45,-0.030429,0.000926,45,-3,9,170,-6,36,17,-0.6,0.36,5,0.0521,0.002719,0.470588,-0.327359,-0.106797,0.011406,0.470588,-0.327359,-0.121987,0.014881,9.62,-0.4854,0.2357,1.5,-0.25,0.0607,1,-0.94,0.8756,-0.390019,0.152115,0.655844,0.430131,-0.990311,0.980716,0
107,026-49436,3(2008-09),12-Feb-09,6:29,8:35,126,0,F,I,3,A1Y,0.45,-0.030429,0.000926,45,-3,9,175,-1,1,17.5,-0.1,0.01,5,0.0521,0.002719,0.455882,-0.341147,-0.120586,0.014541,0.886792,-0.052178,0.153194,0.023468,12.11,2.0039,4.0154,1.5,-0.25,0.0607,3.5,1.56,2.447,-1.975953,3.904391,-0.85469,0.730496,1.04521,1.092463,4
108,026-49445,4(2009-10),23-Jan-10,5:18,6:43,85,1,M,L,4,A1Y,0.5,0.019571,0.000383,50,2,4,185,9,81,18.5,0.9,0.81,4.4,-0.5479,0.300147,0.388889,-0.410174,-0.189613,0.035953,0.388889,-0.410174,-0.204802,0.041944,10.65,0.5384,0.2899,2,0.25,0.0643,2,0.06,0.0041,0.748458,0.56019,-1.053395,1.109641,-0.004421,0.00002,2
109,026-49508,4(2009-10),2-Feb-10,5:23,9:36,253,1,M,L,3,A1Y,0.5,0.019571,0.000383,50,2,4,194,18,324,19.4,1.8,3.24,4.1,-0.8479,0.718862,0.492537,-0.307561,-0.086999,0.007569,0.492537,-0.307561,-0.102189,0.010443,10.41,0.3019,0.0911,2,0.25,0.0643,1.5,-0.44,0.1898,1.459135,2.129076,-0.74481,0.554742,-0.130998,0.01716,3
110,026-49527,4(2009-10),1-Mar-10,5:35,7:45,130,1,M,N,3,A1Y,0.51,0.029571,0.000874,51,3,9,185,9,81,18.5,0.9,0.81,4.1,-0.8479,0.718862,0.960784,-0.017374,0.203188,0.041285,0.960784,-0.017374,0.187998,0.035343,10.25,0.1403,0.0197,2,0.25,0.0643,2,0.06,0.0041,1.268201,1.608335,-0.098937,0.009788,0.204007,0.041619,0
111,026-49528,3(2008-09),11-May-09,5:52,6:34,42,0,F,post,2,A1Y,0.47,-0.010429,0.000109,47,-1,1,177,1,1,17.7,0.1,0.01,5,0.0521,0.002719,0.273973,-0.562293,-0.341731,0.11678,0.149425,-0.825576,-0.620204,0.384653,10.58,0.4704,0.2213,2,0.25,0.0643,0,-1.94,3.747,0.154064,0.023736,-1.500192,2.250577,-1.702618,2.898908,5
113,026-49691,3(2008-09),24-Feb-09,6:33,10:03,210,0,F,N,2,A1Y,0.53,0.049571,0.002457,53,5,25,201,25,625,20.1,2.5,6.25,4.8,-0.1479,0.021862,0.347222,-0.459392,-0.238831,0.05704,0.347222,-0.459392,-0.25402,0.064526,9.61,-0.499,0.249,1.5,-0.25,0.0607,2,0.06,0.0041,1.837226,3.375401,-0.336842,0.113463,1.022149,1.044788,0
115,026-49801,3(2008-09),15-May-09,5:53,6:45,52,1,M,post,2,A1Y,0.485,0.004571,0.000021,48.5,0.5,0.25,180,4,16,18,0.4,0.16,4.1,-0.8479,0.718862,0.223684,-0.650365,-0.429803,0.184731,0.408451,-0.38886,-0.183488,0.033668,10.82,0.7118,0.5066,2,0.25,0.0643,0,-1.94,3.747,0.886852,0.786506,-0.838006,0.702255,-1.527345,2.332784,1
116,026-49809,3(2008-09),9-Feb-09,6:27,11:54,327,0,F,I,2,A1Y,0.41,-0.070429,0.00496,41,-7,49,157,-19,361,15.7,-1.9,3.61,4.9,-0.0479,0.00229,0.088889,-1.051153,-0.830591,0.689881,0.123596,-0.907997,-0.702625,0.493682,10.52,0.4133,0.1708,1.5,-0.25,0.0607,2,0.06,0.0041,-2.088885,4.363441,-0.58054,0.337026,-1.534871,2.355828,3
117,026-49809,4(2009-10),2-Feb-10,5:23,9:36,253,0,F,L,3,A1Y,0.38,-0.100429,0.010086,38,-10,100,140,-36,1296,14,-3.6,12.96,6,1.0521,1.107005,1.564103,0.194265,0.414827,0.172081,1.564103,0.194265,0.399637,0.15971,11.87,1.7615,3.1028,1.5,-0.25,0.0607,3.5,1.56,2.447,-4.737552,22.444399,0.26357,0.069469,0.004053,0.000016,3
119,026-49815,3(2008-09),31-Mar-09,5:42,5:49,7,1,M,L,2,A1Y,0.44,-0.040429,0.001634,44,-4,16,169,-7,49,16.9,-0.7,0.49,4.9,-0.0479,0.00229,0.146341,-0.834633,-0.614071,0.377083,0.282051,-0.549672,-0.3443,0.118542,9.72,-0.3862,0.1492,2,0.25,0.0643,0,-1.94,3.747,-0.1318,0.017371,-0.167999,0.028224,-2.152784,4.634481,2
121,026-49848,4(2009-10),31-Dec-09,5:04,5:49,45,1,M,pre,3,A1Y,0.475,-0.005429,0.000029,47.5,-0.5,0.25,181,5,25,18.1,0.5,0.25,4.6,-0.3479,0.121005,0.666667,-0.176091,0.04447,0.001978,0.666667,-0.176091,0.029281,0.000857,9.58,-0.526,0.2767,1,-0.75,0.5572,1,-0.94,0.8756,0.418402,0.17506,1.28939,1.662528,-0.247031,0.061024,2
122,026-49851,3(2008-09),14-Apr-09,5:44,5:35,-9,0,F,N,1,1Y,0.54,0.059571,0.003549,54,6,36,188,12,144,18.8,1.2,1.44,4.5,-0.4479,0.200576,0.189873,-0.721536,-0.500974,0.250975,0.176471,-0.753328,-0.547956,0.300255,9.77,-0.3402,0.1157,1.5,-0.25,0.0607,2.5,0.56,0.3184,1.511415,2.284377,-0.730665,0.533871,0.725921,0.526961,3
123,026-49853,3(2008-09),9-Apr-09,5:43,8:45,182,1,M,N,1,1Y,0.5,0.019571,0.000383,50,2,4,182,6,36,18.2,0.6,0.36,3.8,-1.1479,1.317576,0.324324,-0.48902,-0.268459,0.07207,0.32,-0.49485,-0.289478,0.083798,10.46,0.3521,0.124,2,0.25,0.0643,0,-1.94,3.747,1.529049,2.337992,-0.76985,0.592669,-1.57464,2.47949,5
129,026-49880,3(2008-09),13-Mar-09,6:38,9:58,200,0,F,L,1,1Y,0.49,0.009571,0.000092,49,1,1,163,-13,169,16.3,-1.3,1.69,6.5,1.5521,2.409147,0.921569,-0.035472,0.185089,0.034258,0.921569,-0.035472,0.1699,0.028866,11.08,0.9695,0.9399,2,0.25,0.0643,2.5,0.56,0.3184,-1.656345,2.743477,-0.971843,0.944479,0.83909,0.704072,3
132,026-49880,4(2009-10),8-Mar-10,5:37,10:19,282,0,F,N,2,A1Y,0.53,0.049571,0.002457,53,5,25,206,30,900,20.6,3,9,4.9,-0.0479,0.00229,0.724138,-0.140179,0.080383,0.006461,0.724138,-0.140179,0.065193,0.00425,10.27,0.1561,0.0244,2,0.25,0.0643,1,-0.94,0.8756,2.096317,4.394546,-0.862095,0.743208,0.664783,0.441936,0
136,026-49886,4(2009-10),13-Dec-09,4:55,5:11,16,1,M,pre,2,A1Y,0.49,0.009571,0.000092,49,1,1,186,10,100,18.6,1,1,4.6,-0.3479,0.121005,0.380282,-0.419895,-0.199333,0.039734,0.380282,-0.419895,-0.214523,0.04602,9.07,-1.0353,1.0719,1,-0.75,0.5572,2,0.06,0.0041,0.835095,0.697384,1.075868,1.157492,0.373341,0.139383,0
137,026-59533,3(2008-09),30-Mar-09,5:41,5:44,3,0,F,I,1,1Y,0.505,0.024571,0.000604,50.5,2.5,6.25,190,14,196,19,1.4,1.96,4.7,-0.2479,0.061433,0.637931,-0.195226,0.025335,0.000642,0.637931,-0.195226,0.010146,0.000103,9.53,-0.5846,0.3417,2,0.25,0.0643,1.5,-0.44,0.1898,1.489018,2.217174,-0.053876,0.002903,0.0608,0.003697,1
139,026-59926,4(2009-10),25-Mar-10,5:40,6:43,63,1,M,N,2,A1Y,0.46,-0.020429,0.000417,46,-2,4,161,-15,225,16.1,-1.5,2.25,4.4,-0.5479,0.300147,1.439024,0.158068,0.37863,0.143361,1.439024,0.158068,0.36344,0.132089,10.72,0.6143,0.3773,2,0.25,0.0643,2,0.06,0.0041,-0.747358,0.558544,0.331883,0.110147,-0.62557,0.391338,3
140,026-59955,4(2009-10),16-Mar-10,5:39,6:10,31,1,M,N,1,1Y,0.49,0.009571,0.000092,49,1,1,161,-15,225,16.1,-1.5,2.25,4.9,-0.0479,0.00229,1.702703,0.231139,0.4517,0.204033,1.702703,0.231139,0.436511,0.190542,8.73,-1.3825,1.9114,2,0.25,0.0643,0,-1.94,3.747,0.864742,0.747778,1.696679,2.878718,-1.414631,2.00118,0
141,026-59982,4(2009-10),13-Mar-10,5:38,6:00,22,0,F,N,1,1Y,0.49,0.009571,0.000092,49,1,1,155,-21,441,15.5,-2.1,4.41,4.9,-0.0479,0.00229,0.5625,-0.249877,-0.029316,0.000859,0.5625,-0.249877,-0.044505,0.001981,9.12,-0.9899,0.9799,1,-0.75,0.5572,1,-0.94,0.8756,-0.198757,0.039504,1.722114,2.965676,-0.772124,0.596175,2
143,026-59984,4(2009-10),29-Dec-09,5:02,5:28,26,0,F,pre,1,1Y,0.44,-0.040429,0.001634,44,-4,16,159,-17,289,15.9,-1.7,2.89,5.4,0.4521,0.204433,1.222222,0.08715,0.307712,0.094687,1.222222,0.08715,0.292522,0.085569,8.54,-1.5746,2.4794,1,-0.75,0.5572,3.5,1.56,2.447,-1.424504,2.029213,2.612147,6.82331,0.670498,0.449568,0
145,026-59986,4(2009-10),25-Mar-10,5:40,7:45,125,0,F,N,1,1Y,0.5,0.019571,0.000383,50,2,4,184,8,64,18.4,0.8,0.64,4,-0.9479,0.898433,1.083333,0.034762,0.255324,0.06519,1.083333,0.034762,0.240134,0.057664,10,-0.1084,0.0118,1.5,-0.25,0.0607,1,-0.94,0.8756,1.269002,1.610366,0.814162,0.662859,-0.255633,0.065348,3
147,026-59995,4(2009-10),31-Mar-10,5:42,10:08,266,1,M,I,2,A1Y,0.54,0.059571,0.003549,54,6,36,194,18,324,19.4,1.8,3.24,5,0.0521,0.002719,0.388889,-0.410174,-0.189613,0.035953,0.388889,-0.410174,-0.204802,0.041944,10.04,-0.0682,0.0046,2,0.25,0.0643,3.5,1.56,2.447,1.300646,1.691679,-1.150794,1.324327,1.689352,2.853909,0
151,026-60016,4(2009-10),3-Mar-10,5:35,10:50,315,1,M,I,2,A1Y,0.48,-0.000429,0,48,0,0,165,-11,121,16.5,-1.1,1.21,4,-0.9479,0.898433,1.222222,0.08715,0.307712,0.094687,1.222222,0.08715,0.292522,0.085569,9.48,-0.6276,0.3939,2,0.25,0.0643,3,1.06,1.1327,0.286102,0.081855,1.017997,1.036319,-0.114516,0.013114,0
154,026-60039,4(2009-10),23-Dec-09,4:59,8:21,202,0,F,pre,3,A1Y,0.465,-0.015429,0.000238,46.5,-1.5,2.25,184,8,64,18.4,0.8,0.64,6.2,1.2521,1.567862,0.612903,-0.212608,0.007954,0.000063,0.612903,-0.212608,-0.007236,0.000052,10.18,0.0711,0.0051,2,0.25,0.0643,4,2.06,4.2613,-1.077227,1.160417,-0.789442,0.623219,1.653701,2.734726,3
155,026-60046,3(2008-09),5-Mar-09,6:36,9:09,153,1,M,I,1,1Y,0.49,0.009571,0.000092,49,1,1,175,-1,1,17.5,-0.1,0.01,5.1,0.1521,0.023147,0.234568,-0.629731,-0.40917,0.16742,0.234568,-0.629731,-0.424359,0.180081,10.07,-0.039,0.0015,1.5,-0.25,0.0607,3,1.06,1.1327,-0.321809,0.103561,-0.516798,0.26708,0.554692,0.307683,1
160,026-60055,4(2009-10),19-Dec-09,4:57,6:55,118,0,F,pre,3,A1Y,0.46,-0.020429,0.000417,46,-2,4,177,1,1,17.7,0.1,0.01,5.7,0.7521,0.565719,0.851852,-0.069636,0.150926,0.022779,0.851852,-0.069636,0.135736,0.018424,9.12,-0.9899,0.9799,1.5,-0.25,0.0607,2,0.06,0.0041,-0.364807,0.133084,1.06175,1.127312,0.310653,0.096505,2
165,026-65229,3(2008-09),21-Apr-09,5:46,8:18,152,0,F,N,1,1Y,0.54,0.059571,0.003549,54,6,36,198,22,484,19.8,2.2,4.84,4.5,-0.4479,0.200576,0.460317,-0.336943,-0.116381,0.013545,0.460317,-0.336943,-0.131571,0.017311,10.07,-0.039,0.0015,1,-0.75,0.5572,2,0.06,0.0041,1.62659,2.645796,0.131737,0.017355,1.317512,1.735838,0
166,026-65242,3(2008-09),21-Apr-09,5:46,5:43,-3,1,M,N,1,1Y,0.57,0.089571,0.008023,57,9,81,211,35,1225,21.1,3.5,12.25,5.4,0.4521,0.204433,0.461538,-0.335792,-0.11523,0.013278,0.461538,-0.335792,-0.13042,0.017009,9.5,-0.6135,0.3764,2,0.25,0.0643,1,-0.94,0.8756,2.987798,8.926936,-1.011529,1.02319,1.189947,1.415974,1
167,026-65243,3(2008-09),16-Apr-09,5:45,8:32,167,1,M,N,1,1Y,0.47,-0.010429,0.000109,47,-1,1,183,7,49,18.3,0.7,0.49,4.1,-0.8479,0.718862,2.84,0.453318,0.67388,0.454114,2.84,0.453318,0.65869,0.433873,9.11,-0.9996,0.9992,1.5,-0.25,0.0607,0,-1.94,3.747,1.367902,1.871155,2.294571,5.265057,-0.898746,0.807745,0
168,026-65320,4(2009-10),27-Mar-10,5:41,8:26,165,1,M,L,1,1Y,0.48,-0.000429,0,48,0,0,172,-4,16,17.2,-0.4,0.16,4.7,-0.2479,0.061433,0.5625,-0.249877,-0.029316,0.000859,0.5625,-0.249877,-0.044505,0.001981,9.61,-0.499,0.249,2,0.25,0.0643,0,-1.94,3.747,0.773827,0.598808,0.228895,0.052393,-1.558666,2.429439,0
170,026-67701,4(2009-10),13-Mar-10,5:38,6:00,22,0,F,N,2,A1Y,0.48,-0.000429,0,48,0,0,155,-21,441,15.5,-2.1,4.41,4.6,-0.3479,0.121005,1.040816,0.017374,0.237936,0.056613,1.040816,0.017374,0.222746,0.049616,9.62,-0.4854,0.2357,1.5,-0.25,0.0607,3,1.06,1.1327,-0.67766,0.459223,1.309146,1.713864,0.116817,0.013646,1
172,026-67727,4(2009-10),24-Mar-10,5:40,6:57,77,0,F,L,2,A1Y,0.48,-0.000429,0,48,0,0,171,-5,25,17.1,-0.5,0.25,6.2,1.2521,1.567862,0.785714,-0.104735,0.115826,0.013416,0.785714,-0.104735,0.100637,0.010128,10.74,0.6314,0.3987,2,0.25,0.0643,4,2.06,4.2613,-1.558382,2.428554,-0.898005,0.806414,1.591427,2.532639,0
173,026-67752,4(2009-10),24-Mar-10,5:40,6:10,30,1,M,L,2,A1Y,0.52,0.039571,0.001566,52,4,16,172,-4,16,17.2,-0.4,0.16,4.7,-0.2479,0.061433,0.851852,-0.069636,0.150926,0.022779,0.851852,-0.069636,0.135736,0.018424,9.2,-0.9055,0.8198,1,-0.75,0.5572,3,1.06,1.1327,0.47626,0.226824,1.543861,2.383508,1.176689,1.384596,0
174,026-67772,4(2009-10),13-Mar-10,5:38,6:00,22,1,M,N,2,A1Y,0.52,0.039571,0.001566,52,4,16,168,-8,64,16.8,-0.8,0.64,4.6,-0.3479,0.121005,0.851852,-0.069636,0.150926,0.022779,0.851852,-0.069636,0.135736,0.018424,10.14,0.0293,0.0009,2,0.25,0.0643,2.5,0.56,0.3184,0.491441,0.241515,-0.062377,0.003891,0.300731,0.090439,1
176,026-72402,4(2009-10),6-Feb-10,5:26,7:08,102,0,F,L,1,1Y,0.44,-0.040429,0.001634,44,-4,16,158,-18,324,15.8,-1.8,3.24,4.8,-0.1479,0.021862,0.5625,-0.249877,-0.029316,0.000859,0.5625,-0.249877,-0.044505,0.001981,11.69,1.5792,2.4937,2,0.25,0.0643,2,0.06,0.0041,-1.854714,3.439964,-0.990518,0.981126,-0.918337,0.843343,5
