ID,BirdID,Year,Date,SunriseTimeDaylightSavings,TimeCapt,TimeOfDay,Sex,SexMF,Stage,Agecat,Ageminyears,PCV,PCVcntr,PCVcntr2,PCV_percent,PCV_percent_cntr,PCV_percent_cntr2,Hb,Hbcntr,Hbcntr2,Hbdiv10,Hbdiv10cntr,Hbdiv10cntr2,SMI,SMIcntr,SMIcntr2,Muscle,Musclecntr,Musclecntr2,Fat,Fatcntr,Fatcntr2,PC1,PC1sq,PC2,PC2sq,NumberFledged
9,026-25512,3(2008-09),27-Apr-09,5:47,6:30,43,1,M,N,A1Y,5,0.5,0.020723,0.000429,50,2.1,4.41,190,17.33,300.3748,19,1.7,2.89,10.72,0.6643,0.4412,2,-0.11,0.0111,1,-1.11,1.242,-1.208153,1.459634,0.399889,0.159911,8
10,026-25512,4(2009-10),29-Apr-10,5:48,10:43,295,1,M,post,A1Y,6,0.49,0.010723,0.000115,49,1.1,1.21,188,15.33,235.0495,18.8,1.5,2.25,11.05,0.9887,0.9776,2,-0.11,0.0111,1,-1.11,1.242,-0.785031,0.616274,0.390921,0.152819,6
12,026-25513,2(2007-08),5-Apr-08,5:43,7:21,98,0,F,I,A1Y,4,0.46,-0.019277,0.000372,46,-1.9,3.61,164,-8.67,75.1459,16.4,-0.9,0.81,10.81,0.7498,0.5622,3,0.89,0.8003,3.5,1.39,1.9197,1.782002,3.17553,1.442615,2.081137,3
14,026-25513,3(2008-09),31-Dec-08,6:04,7:08,64,0,F,pre,A1Y,5,0.44,-0.039277,0.001543,44,-3.9,15.21,165,-7.67,58.8086,16.5,-0.8,0.64,9.67,-0.3909,0.1528,2,-0.11,0.0111,4,1.89,3.5553,1.421148,2.019661,-0.153299,0.023501,5
15,026-25515,2(2007-08),7-May-08,5:50,9:11,201,0,F,N,A1Y,4,0.48,0.000723,0.000001,48,0.1,0.01,167,-5.67,32.1339,16.7,-0.6,0.36,9.75,-0.3139,0.0986,2,-0.11,0.0111,2,-0.11,0.0131,0.026898,0.000724,-0.431157,0.185896,4
16,026-25517,3(2008-09),19-Feb-09,6:31,10:42,251,1,M,I,A1Y,5,0.52,0.040723,0.001658,52,4.1,16.81,191,18.33,336.0375,19.1,1.8,3.24,9.75,-0.3107,0.0965,1.5,-0.61,0.3665,2.5,0.39,0.1486,-1.793922,3.218156,0.297423,0.08846,7
18,026-25520,2(2007-08),30-Apr-08,5:48,9:22,214,1,M,N,A1Y,4,0.5,0.020723,0.000429,50,2.1,4.41,168,-4.67,21.7965,16.8,-0.5,0.25,10.1,0.0403,0.0016,2,-0.11,0.0111,3.5,1.39,1.9197,0.204962,0.042009,0.62845,0.394949,3
19,026-25520,3(2008-09),20-Jan-09,6:16,8:42,146,1,M,I,A1Y,5,0.5,0.020723,0.000429,50,2.1,4.41,182,9.33,87.0736,18.2,0.9,0.81,9.2,-0.8596,0.7389,2.5,0.39,0.1557,2.5,0.39,0.1486,-0.944888,0.892814,0.623962,0.389329,5
26,026-29130,1(2006-07),29-Nov-06,4:51,16:45,714,1,M,pre,A1Y,3,0.44,-0.039277,0.001543,44,-3.9,15.21,167,-5.67,32.1339,16.7,-0.6,0.36,9.48,-0.5776,0.3336,2.5,0.39,0.1557,2.5,0.39,0.1486,0.972509,0.945774,-0.304073,0.09246,6
27,026-29132,2(2007-08),5-Apr-08,5:43,8:48,185,0,F,I,A1Y,4,0.49,0.010723,0.000115,49,1.1,1.21,167,-5.67,32.1339,16.7,-0.6,0.36,10.58,0.5156,0.2658,3,0.89,0.8003,3.5,1.39,1.9197,0.978106,0.956691,1.756048,3.083704,2
28,026-29135,1(2006-07),27-Jan-07,6:20,8:30,130,0,F,I,A1Y,3,0.48,0.000723,0.000001,48,0.1,0.01,160,-12.67,160.4953,16,-1.3,1.69,10.58,0.5156,0.2658,2,-0.11,0.0111,2,-0.11,0.0131,0.708355,0.501767,-0.194759,0.037931,1
29,026-29136,1(2006-07),4-Dec-06,5:52,17:10,678,0,F,pre,A1Y,3,0.48,0.000723,0.000001,48,0.1,0.01,184,11.33,128.3989,18.4,1.1,1.21,10.7,0.6426,0.413,2.5,0.39,0.1557,2,-0.11,0.0131,-0.121825,0.014841,0.949742,0.902009,3
31,026-29138,3(2008-09),9-Apr-09,5:43,5:35,-8,0,F,N,A1Y,5,0.53,0.050723,0.002573,53,5.1,26.01,190,17.33,300.3748,19,1.7,2.89,9.77,-0.2949,0.087,1,-1.11,1.222,2.5,0.39,0.1486,-2.094685,4.387707,-0.119799,0.014352,3
34,026-29138,4(2009-10),17-Feb-10,5:31,9:28,237,0,F,N,A1Y,6,0.55,0.070723,0.005002,55,7.1,50.41,207,34.33,1178.6399,20.7,3.4,11.56,9.64,-0.4165,0.1735,1.5,-0.61,0.3665,2.5,0.39,0.1486,-3.108715,9.664106,0.977855,0.956201,5
36,026-29342,4(2009-10),4-Mar-10,5:36,9:55,259,1,M,N,A1Y,6,0.5,0.020723,0.000429,50,2.1,4.41,193,20.33,413.3628,19.3,2,4,9.85,-0.2078,0.0432,2,-0.11,0.0111,2,-0.11,0.0131,-1.440837,2.076012,0.4675,0.218556,4
37,026-29349,1(2006-07),17-Feb-07,6:30,8:30,120,0,F,L,A1Y,3,0.49,0.010723,0.000115,49,1.1,1.21,175,2.33,5.4351,17.5,0.2,0.04,10.23,0.1673,0.028,3,0.89,0.8003,2,-0.11,0.0131,0.03102,0.000962,1.147877,1.317621,3
38,026-29349,3(2008-09),15-Apr-09,5:45,6:25,40,0,F,N,A1Y,5,0.48,0.000723,0.000001,48,0.1,0.01,187,14.33,205.3869,18.7,1.4,1.96,9.79,-0.2721,0.074,2,-0.11,0.0111,1,-1.11,1.242,-1.122493,1.259991,-0.360184,0.129733,9
40,026-29354,2(2007-08),6-May-08,5:50,9:10,200,0,F,N,A1Y,4,0.52,0.040723,0.001658,52,4.1,16.81,182,9.33,87.0736,18.2,0.9,0.81,11.21,1.1517,1.3265,2,-0.11,0.0111,2,-0.11,0.0131,-0.722449,0.521933,1.103469,1.217644,2
42,026-29363,3(2008-09),24-Feb-09,6:33,9:00,147,1,M,N,A1Y,5,0.52,0.040723,0.001658,52,4.1,16.81,185,12.33,152.0616,18.5,1.2,1.44,9.98,-0.0759,0.0058,1.5,-0.61,0.3665,2,-0.11,0.0131,-1.571637,2.470042,0.060848,0.003703,4
46,026-29455,1(2006-07),7-Dec-06,5:53,17:30,697,1,M,pre,A1Y,2,0.48,0.000723,0.000001,48,0.1,0.01,182,9.33,87.0736,18.2,0.9,0.81,10.48,0.4206,0.1769,3,0.89,0.8003,2.5,0.39,0.1486,0.174583,0.030479,1.524927,2.325403,7
47,026-29455,2(2007-08),5-Mar-08,6:36,7:50,74,1,M,L,A1Y,3,0.49,0.010723,0.000115,49,1.1,1.21,180,7.33,53.7483,18,0.7,0.49,8.71,-1.3452,1.8097,2,-0.11,0.0111,0,-2.11,4.4709,-1.78325,3.179982,-1.342383,1.801993,2
48,026-29455,3(2008-09),9-Mar-09,6:37,7:26,49,1,M,I,A1Y,4,0.53,0.050723,0.002573,53,5.1,26.01,208,35.33,1248.3025,20.8,3.5,12.25,9.58,-0.4778,0.2283,1.5,-0.61,0.3665,1.5,-0.61,0.3776,-3.095376,9.581355,0.315843,0.099757,8
49,026-29456,1(2006-07),1-Dec-06,5:52,17:00,668,1,M,pre,A1Y,2,0.48,0.000723,0.000001,48,0.1,0.01,166,-6.67,44.4712,16.6,-0.7,0.49,10.39,0.3275,0.1073,2.5,0.39,0.1557,3,0.89,0.7842,0.81645,0.66659,0.793695,0.629952,3
52,026-29456,3(2008-09),12-Feb-09,6:29,9:31,182,1,M,I,A1Y,4,0.46,-0.019277,0.000372,46,-1.9,3.61,177,4.33,18.7604,17.7,0.4,0.16,10.72,0.66,0.4356,2.5,0.39,0.1557,3.5,1.39,1.9197,1.00966,1.019413,1.184118,1.402135,5
55,026-29470,2(2007-08),4-Jan-08,6:06,6:24,18,1,M,B,A1Y,3,0.49,0.010723,0.000115,49,1.1,1.21,160,-12.67,160.4953,16,-1.3,1.69,8.85,-1.2137,1.4731,2,-0.11,0.0111,2,-0.11,0.0131,-0.262522,0.068918,-0.911233,0.830345,10
56,026-29475,1(2006-07),27-Jan-07,6:20,8:30,130,1,M,I,A1Y,3,0.46,-0.019277,0.000372,46,-1.9,3.61,177,4.33,18.7604,17.7,0.4,0.16,9.51,-0.5491,0.3015,2,-0.11,0.0111,1,-1.11,1.242,-0.432295,0.186879,-0.966012,0.93318,1
57,026-29475,3(2008-09),18-Dec-08,5:57,7:12,75,1,M,pre,A1Y,5,0.43,-0.049277,0.002428,43,-4.9,24.01,147,-25.67,658.8809,14.7,-2.6,6.76,9.68,-0.3779,0.1428,2,-0.11,0.0111,2,-0.11,0.0131,1.817768,3.304282,-1.52488,2.32526,3
58,026-29476,3(2008-09),16-Dec-08,5:56,10:27,271,1,M,pre,A1Y,4,0.45,-0.029277,0.000857,45,-2.9,8.41,180,7.33,53.7483,18,0.7,0.49,10.33,0.2743,0.0752,2,-0.11,0.0111,1,-1.11,1.242,-0.002359,0.000006,-0.616677,0.380291,4
61,026-29480,1(2006-07),29-Nov-06,4:51,16:45,714,0,F,pre,A1Y,3,0.42,-0.059277,0.003514,42,-5.9,34.81,154,-18.67,348.5194,15.4,-1.9,3.61,10.84,0.7849,0.6161,2,-0.11,0.0111,3,0.89,0.7842,2.519087,6.3458,-0.499359,0.24936,3
64,026-29488,1(2006-07),29-Nov-06,4:51,16:45,714,1,M,pre,A1Y,3,0.495,0.015723,0.000247,49.5,1.6,2.56,166,-6.67,44.4712,16.6,-0.7,0.49,11.98,1.9178,3.6779,2.5,0.39,0.1557,3,0.89,0.7842,1.252227,1.568072,1.739838,3.027037,2
65,026-29491,1(2006-07),18-Jan-07,6:15,8:55,160,0,F,B,A1Y,2,0.48,0.000723,0.000001,48,0.1,0.01,166,-6.67,44.4712,16.6,-0.7,0.49,10.95,0.8888,0.79,3,0.89,0.8003,2.5,0.39,0.1486,1.086556,1.180605,1.375685,1.892508,3
69,026-33190,3(2008-09),11-Dec-08,5:54,8:32,158,1,M,pre,A1Y,4,0.46,-0.019277,0.000372,46,-1.9,3.61,179,6.33,40.0857,17.9,0.6,0.36,10.04,-0.0184,0.0003,1,-1.11,1.222,2,-0.11,0.0131,-0.312428,0.097611,-1.284582,1.65015,1
70,026-33190,4(2009-10),25-Dec-09,5:00,6:40,100,1,M,pre,A1Y,5,0.45,-0.029277,0.000857,45,-2.9,8.41,185,12.33,152.0616,18.5,1.2,1.44,10.48,0.4206,0.1769,1.5,-0.61,0.3665,4,1.89,3.5553,0.561108,0.314842,0.306446,0.093909,4
72,026-33360,4(2009-10),4-Mar-10,5:36,10:48,312,0,F,N,A1Y,5,0.47,-0.009277,0.000086,47,-0.9,0.81,165,-7.67,58.8086,16.5,-0.8,0.64,9.79,-0.2721,0.074,1,-1.11,1.222,3.5,1.39,1.9197,0.436136,0.190214,-0.989199,0.978514,4
74,026-33390,2(2007-08),13-Mar-08,6:38,6:29,-9,1,M,I,A1Y,3,0.475,-0.004277,0.000018,47.5,-0.4,0.16,177,4.33,18.7604,17.7,0.4,0.16,9.41,-0.6461,0.4174,1.5,-0.61,0.3665,3,0.89,0.7842,-0.336336,0.113122,-0.518042,0.268367,3
77,026-33391,1(2006-07),17-Feb-07,6:30,8:50,140,1,M,I,A1Y,2,0.455,-0.024277,0.000589,45.5,-2.4,5.76,176,3.33,11.0977,17.6,0.3,0.09,10.36,0.297,0.0882,2.5,0.39,0.1557,1,-1.11,1.242,0.251298,0.063151,-0.120083,0.01442,4
78,026-33548,1(2006-07),12-Jan-07,6:11,11:45,334,1,M,B,A1Y,2,0.52,0.040723,0.001658,52,4.1,16.81,180,7.33,53.7483,18,0.7,0.49,10.66,0.5976,0.3572,2,-0.11,0.0111,1.5,-0.61,0.3776,-1.031964,1.064949,0.579724,0.33608,3
79,026-33548,2(2007-08),17-Feb-08,6:30,6:51,21,1,M,L,A1Y,3,0.485,0.005723,0.000033,48.5,0.6,0.36,172,-0.67,0.4471,17.2,-0.1,0.01,10.31,0.2526,0.0638,2,-0.11,0.0111,3,0.89,0.7842,0.262759,0.069042,0.437532,0.191434,6
81,026-33568,2(2007-08),6-Feb-08,6:25,7:41,76,0,F,N,A1Y,2,0.47,-0.009277,0.000086,47,-0.9,0.81,158,-14.67,215.17,15.8,-1.5,2.25,8.13,-1.9263,3.7106,2,-0.11,0.0111,3.5,1.39,1.9197,0.320032,0.10242,-0.91212,0.831962,8
86,026-33750,3(2008-09),28-Feb-09,6:34,9:18,164,1,M,L,A1Y,3,0.475,-0.004277,0.000018,47.5,-0.4,0.16,164,-8.67,75.1459,16.4,-0.9,0.81,9.55,-0.5063,0.2564,2,-0.11,0.0111,1,-1.11,1.242,-0.127329,0.016213,-1.072246,1.149713,2
88,026-33750,4(2009-10),6-Apr-10,5:43,6:10,27,1,M,L,A1Y,4,0.465,-0.014277,0.000204,46.5,-1.4,1.96,160,-12.67,160.4953,16,-1.3,1.69,9.17,-0.8867,0.7862,2,-0.11,0.0111,0,-2.11,4.4709,-0.228354,0.052145,-1.886955,3.560598,3
92,026-33764,2(2007-08),2-Feb-08,6:23,9:24,181,0,F,I,A1Y,2,0.475,-0.004277,0.000018,47.5,-0.4,0.16,158,-14.67,215.17,15.8,-1.5,2.25,11.21,1.1528,1.329,3,0.89,0.8003,4,1.89,3.5553,2.089971,4.36798,1.883781,3.548631,3
93,026-33764,3(2008-09),31-Mar-09,5:42,5:49,7,0,F,L,A1Y,3,0.45,-0.029277,0.000857,45,-2.9,8.41,153,-19.67,386.8568,15.3,-2,4,11.64,1.5793,2.4941,1.5,-0.61,0.3665,1,-1.11,1.242,1.606661,2.58136,-1.139951,1.299489,8
96,026-33764,4(2009-10),29-Apr-10,5:48,10:43,295,0,F,post,A1Y,4,0.48,0.000723,0.000001,48,0.1,0.01,180,7.33,53.7483,18,0.7,0.49,10.64,0.5841,0.3412,2,-0.11,0.0111,2,-0.11,0.0131,-0.13599,0.018493,0.307533,0.094577,4
99,026-33855,3(2008-09),16-May-09,5:53,7:37,104,1,M,N,A1Y,3,0.48,0.000723,0.000001,48,0.1,0.01,176,3.33,11.0977,17.6,0.3,0.09,11.81,1.7474,3.0536,1,-1.11,1.222,1,-1.11,1.242,-0.053414,0.002853,-0.683124,0.466659,3
102,026-33901,2(2007-08),9-Jan-08,6:09,7:48,99,1,M,L,A1Y,2,0.48,0.000723,0.000001,48,0.1,0.01,173,0.33,0.1098,17.3,0,0,9.41,-0.6461,0.4174,1.5,-0.61,0.3665,1,-1.11,1.242,-0.841666,0.708401,-1.389373,1.930358,8
106,026-33905,4(2009-10),1-Mar-10,5:35,7:06,91,0,F,N,A1Y,5,0.48,0.000723,0.000001,48,0.1,0.01,177,4.33,18.7604,17.7,0.4,0.16,10.13,0.0734,0.0054,2,-0.11,0.0111,3,0.89,0.7842,0.057345,0.003288,0.408926,0.16722,4
108,026-33907,1(2006-07),6-Dec-06,5:53,17:20,687,0,F,pre,1Y,1,0.42,-0.059277,0.003514,42,-5.9,34.81,148,-24.67,608.5435,14.8,-2.5,6.25,8.69,-1.3668,1.8682,1,-1.11,1.222,1.5,-0.61,0.3776,1.043687,1.089282,-3.347184,11.203642,5
109,026-33909,1(2006-07),7-Dec-06,5:53,17:30,697,1,M,pre,1Y,1,0.53,0.050723,0.002573,53,5.1,26.01,193,20.33,413.3628,19.3,2,4,9.1,-0.9585,0.9188,2,-0.11,0.0111,2,-0.11,0.0131,-2.346993,5.508376,0.461099,0.212613,6
110,026-33910,1(2006-07),29-Nov-06,4:51,16:45,714,0,F,pre,1Y,1,0.47,-0.009277,0.000086,47,-0.9,0.81,172,-0.67,0.4471,17.2,-0.1,0.01,9.6,-0.4625,0.2139,2.5,0.39,0.1557,2,-0.11,0.0131,0.092546,0.008565,0.015769,0.000249,7
111,026-33911,3(2008-09),19-Feb-09,6:31,10:17,226,1,M,L,A1Y,3,0.5,0.020723,0.000429,50,2.1,4.41,180,7.33,53.7483,18,0.7,0.49,9.85,-0.2132,0.0454,2,-0.11,0.0111,2.5,0.39,0.1486,-0.727834,0.529743,0.369118,0.136248,4
113,026-33915,1(2006-07),20-Nov-06,4:52,8:40,228,1,M,pre,1Y,1,0.55,0.070723,0.005002,55,7.1,50.41,177,4.33,18.7604,17.7,0.4,0.16,8.29,-1.7731,3.1438,1.5,-0.61,0.3665,2,-0.11,0.0131,-2.555666,6.531426,-0.590364,0.34853,3
114,026-33915,2(2007-08),2-Feb-08,6:23,9:24,181,1,M,I,A1Y,2,0.48,0.000723,0.000001,48,0.1,0.01,168,-4.67,21.7965,16.8,-0.5,0.25,10.26,0.1983,0.0393,2,-0.11,0.0111,2,-0.11,0.0131,0.214746,0.046116,-0.160321,0.025703,2
117,026-33917,2(2007-08),17-Feb-08,6:30,6:51,21,1,M,B,A1Y,2,0.495,0.015723,0.000247,49.5,1.6,2.56,171,-1.67,2.7845,17.1,-0.2,0.04,9.22,-0.8386,0.7032,2,-0.11,0.0111,0,-2.11,4.4709,-1.254724,1.574331,-1.249496,1.561241,1
120,026-33920,2(2007-08),2-Feb-08,6:23,9:24,181,0,F,I,A1Y,2,0.39,-0.089277,0.00797,39,-8.9,79.21,136,-36.67,1344.5917,13.6,-3.7,13.69,11.18,1.1193,1.2528,3,0.89,0.8003,3.5,1.39,1.9197,4.496822,20.22141,0.133132,0.017724,2
122,026-33920,3(2008-09),11-Dec-08,5:54,7:01,67,0,F,pre,A1Y,3,0.42,-0.059277,0.003514,42,-5.9,34.81,156,-16.67,277.8447,15.6,-1.7,2.89,9.74,-0.3196,0.1022,2,-0.11,0.0111,4,1.89,3.5553,2.225079,4.950978,-0.56745,0.321999,3
124,026-33922,2(2007-08),15-Feb-08,6:30,9:18,168,0,F,B,A1Y,2,0.485,0.005723,0.000033,48.5,0.6,0.36,157,-15.67,245.5074,15.7,-1.6,2.56,11.21,1.1528,1.329,3,0.89,0.8003,3.5,1.39,1.9197,1.798353,3.234075,1.769829,3.132294,4
125,026-33925,2(2007-08),13-Feb-08,6:29,7:54,85,1,M,L,A1Y,2,0.495,0.015723,0.000247,49.5,1.6,2.56,171,-1.67,2.7845,17.1,-0.2,0.04,9.79,-0.2721,0.074,3,0.89,0.8003,4,1.89,3.5553,0.498886,0.248887,1.73803,3.020748,5
126,026-33934,1(2006-07),7-Dec-06,5:53,17:30,697,0,F,pre,1Y,1,0.52,0.040723,0.001658,52,4.1,16.81,192,19.33,373.7001,19.2,1.9,3.61,9.41,-0.6492,0.4215,2.5,0.39,0.1557,1.5,-0.61,0.3776,-1.958175,3.83445,0.7792,0.607152,6
127,026-33934,3(2008-09),24-Feb-09,6:33,11:06,273,0,F,I,A1Y,3,0.46,-0.019277,0.000372,46,-1.9,3.61,186,13.33,177.7242,18.6,1.3,1.69,11.08,1.0206,1.0416,2,-0.11,0.0111,3,0.89,0.7842,0.469564,0.22049,0.840095,0.705759,4
129,026-33936,2(2007-08),15-Feb-08,6:30,9:18,168,0,F,N,A1Y,2,0.48,0.000723,0.000001,48,0.1,0.01,162,-10.67,113.8206,16.2,-1.1,1.21,10.6,0.5436,0.2955,2,-0.11,0.0111,2.5,0.39,0.1486,0.779971,0.608354,0.074897,0.00561,3
132,026-33944,1(2006-07),28-Feb-07,6:34,6:55,21,0,F,N,1Y,1,0.5,0.020723,0.000429,50,2.1,4.41,170,-2.67,7.1218,17,-0.3,0.09,7.65,-2.4132,5.8234,1.5,-0.61,0.3665,0.5,-1.61,2.6065,-2.033721,4.136022,-2.284976,5.221115,2
134,026-33946,1(2006-07),2-Mar-07,6:35,8:15,100,0,F,I,1Y,1,0.46,-0.019277,0.000372,46,-1.9,3.61,164,-8.67,75.1459,16.4,-0.9,0.81,9.92,-0.1395,0.0195,3,0.89,0.8003,2.5,0.39,0.1486,1.086894,1.181338,0.594688,0.353653,3
135,026-33947,2(2007-08),22-Apr-08,5:46,8:12,146,1,M,L,A1Y,2,0.47,-0.009277,0.000086,47,-0.9,0.81,166,-6.67,44.4712,16.6,-0.7,0.49,10.15,0.0908,0.0082,2,-0.11,0.0111,3,0.89,0.7842,0.735537,0.541015,0.040543,0.001644,4
140,026-33950,2(2007-08),12-May-08,5:52,9:45,233,0,F,N,A1Y,2,0.5,0.020723,0.000429,50,2.1,4.41,165,-7.67,58.8086,16.5,-0.8,0.64,10.2,0.1436,0.0206,3,0.89,0.8003,0.5,-1.61,2.6065,-0.170393,0.029034,0.392909,0.154377,8
143,026-34057,1(2006-07),17-Feb-07,6:30,7:45,75,0,F,I,AHY,1,0.48,0.000723,0.000001,48,0.1,0.01,186,13.33,177.7242,18.6,1.3,1.69,10.91,0.8544,0.7301,2.5,0.39,0.1557,3,0.89,0.7842,0.17939,0.032181,1.51738,2.302442,2
145,026-34057,3(2008-09),29-Dec-08,6:03,9:56,233,0,F,B,A1Y,3,0.45,-0.029277,0.000857,45,-2.9,8.41,165,-7.67,58.8086,16.5,-0.8,0.64,11.78,1.7182,2.9521,2.5,0.39,0.1557,4,1.89,3.5553,2.348748,5.516617,1.504159,2.262494,2
146,026-34057,4(2009-10),20-Dec-09,4:58,7:30,152,0,F,pre,A1Y,4,0.5,0.020723,0.000429,50,2.1,4.41,172,-0.67,0.4471,17.2,-0.1,0.01,9.95,-0.1082,0.0117,2,-0.11,0.0111,3,0.89,0.7842,-0.183739,0.03376,0.441358,0.194797,3
147,026-34058,1(2006-07),16-Nov-06,4:52,15:35,643,1,M,pre,AHY,1,0.49,0.010723,0.000115,49,1.1,1.21,178,5.33,28.423,17.8,0.5,0.25,9.81,-0.2538,0.0644,1.5,-0.61,0.3665,2,-0.11,0.0131,-0.779026,0.606881,-0.545457,0.297524,3
148,026-34059,2(2007-08),15-Dec-07,5:55,5:54,-1,0,F,pre,A1Y,2,0.49,0.010723,0.000115,49,1.1,1.21,168,-4.67,21.7965,16.8,-0.5,0.25,9.98,-0.0785,0.0062,3,0.89,0.8003,3,0.89,0.7842,0.519206,0.269574,1.283365,1.647027,3
151,026-34060,2(2007-08),17-Feb-08,6:30,10:35,245,0,F,I,A1Y,2,0.46,-0.019277,0.000372,46,-1.9,3.61,161,-11.67,136.158,16.1,-1.2,1.44,11.08,1.0193,1.039,3,0.89,0.8003,4,1.89,3.5553,2.181652,4.759607,1.711605,2.929593,6
156,026-34083,2(2007-08),8-Jan-08,6:08,6:58,50,1,M,B,A1Y,2,0.47,-0.009277,0.000086,47,-0.9,0.81,156,-16.67,277.8447,15.6,-1.7,2.89,10.01,-0.0472,0.0022,2,-0.11,0.0111,2,-0.11,0.0131,0.817823,0.668834,-0.679136,0.461225,8
159,026-34083,3(2008-09),13-Feb-09,6:29,8:59,150,1,M,I,A1Y,3,0.46,-0.019277,0.000372,46,-1.9,3.61,173,0.33,0.1098,17.3,0,0,9.94,-0.1157,0.0134,1,-1.11,1.222,0,-2.11,4.4709,-0.679775,0.462094,-2.309187,5.332346,4
162,026-34084,1(2006-07),16-Nov-06,4:52,15:35,643,1,M,pre,AHY,1,0.4,-0.079277,0.006285,40,-7.9,62.41,147,-25.67,658.8809,14.7,-2.6,6.76,9.78,-0.2836,0.0804,2,-0.11,0.0111,2,-0.11,0.0131,2.427104,5.890834,-1.835499,3.369056,3
163,026-34084,2(2007-08),22-Feb-08,6:32,7:18,46,1,M,L,A1Y,2,0.46,-0.019277,0.000372,46,-1.9,3.61,166,-6.67,44.4712,16.6,-0.7,0.49,9.79,-0.2721,0.074,2,-0.11,0.0111,3,0.89,0.7842,0.760334,0.578108,-0.253446,0.064235,4
166,026-36710,3(2008-09),15-Jan-09,6:13,10:02,229,0,F,B,A1Y,3,0.455,-0.024277,0.000589,45.5,-2.4,5.76,162,-10.67,113.8206,16.2,-1.1,1.21,9.67,-0.3865,0.1494,1.5,-0.61,0.3665,2.5,0.39,0.1486,0.668854,0.447365,-1.191225,1.419017,4
171,026-46307,4(2009-10),3-Mar-10,5:35,10:53,318,1,M,N,A1Y,2,0.48,0.000723,0.000001,48,0.1,0.01,190,17.33,300.3748,19,1.7,2.89,9.74,-0.3196,0.1022,2,-0.11,0.0111,2,-0.11,0.0131,-0.982298,0.96491,0.105681,0.011169,2
172,026-46308,3(2008-09),26-Feb-09,6:34,10:27,233,1,M,I,A1Y,2,0.54,0.060723,0.003687,54,6.1,37.21,202,29.33,860.3266,20.2,2.9,8.41,9.86,-0.1962,0.0385,1.5,-0.61,0.3665,2.5,0.39,0.1486,-2.601368,6.767116,0.84823,0.719493,5
174,026-46311,3(2008-09),24-Feb-09,6:33,10:18,225,1,M,L,1Y,1,0.5,0.020723,0.000429,50,2.1,4.41,196,23.33,544.3507,19.6,2.3,5.29,9.86,-0.1962,0.0385,2,-0.11,0.0111,4,1.89,3.5553,-0.980945,0.962254,1.380334,1.905321,3
177,026-46317,4(2009-10),22-Feb-10,5:32,10:38,306,1,M,L,1Y,1,0.52,0.040723,0.001658,52,4.1,16.81,188,15.33,235.0495,18.8,1.5,2.25,10.72,0.66,0.4356,2,-0.11,0.0111,3,0.89,0.7842,-0.914417,0.836158,1.425183,2.031145,3
178,026-46319,4(2009-10),22-Feb-10,5:32,9:09,217,1,M,I,A1Y,2,0.48,0.000723,0.000001,48,0.1,0.01,183,10.33,106.7363,18.3,1,1,9.62,-0.436,0.1901,1.5,-0.61,0.3665,3,0.89,0.7842,-0.598375,0.358053,-0.216447,0.046849,4
179,026-46322,3(2008-09),19-Feb-09,6:31,9:17,166,1,M,I,A1Y,2,0.47,-0.009277,0.000086,47,-0.9,0.81,168,-4.67,21.7965,16.8,-0.5,0.25,10.09,0.0308,0.0009,2,-0.11,0.0111,2,-0.11,0.0131,0.327901,0.107519,-0.359939,0.129556,3
181,026-46335,4(2009-10),31-Mar-10,5:42,10:30,288,0,F,N,A1Y,2,0.48,0.000723,0.000001,48,0.1,0.01,186,13.33,177.7242,18.6,1.3,1.69,9.92,-0.1378,0.019,2,-0.11,0.0111,3,0.89,0.7842,-0.432053,0.18667,0.518068,0.268394,3
182,026-46340,4(2009-10),16-Dec-09,4:56,10:25,329,1,M,pre,A1Y,3,0.48,0.000723,0.000001,48,0.1,0.01,163,-9.67,93.4833,16.3,-1,1,9.81,-0.2488,0.0619,1,-1.11,1.222,4,1.89,3.5553,0.491792,0.241859,-0.696933,0.485716,1
185,026-46365,3(2008-09),22-Jan-09,6:17,8:14,117,0,F,B,1Y,1,0.46,-0.019277,0.000372,46,-1.9,3.61,169,-3.67,13.4592,16.9,-0.4,0.16,11.56,1.4968,2.2405,3,0.89,0.8003,2.5,0.39,0.1486,1.607988,2.585626,1.502268,2.256809,5
186,026-46368,3(2008-09),5-Mar-09,6:36,10:51,255,1,M,B,1Y,1,0.49,0.010723,0.000115,49,1.1,1.21,174,1.33,1.7724,17.4,0.1,0.01,9.4,-0.6617,0.4379,1.5,-0.61,0.3665,1,-1.11,1.242,-1.081384,1.169391,-1.254726,1.574338,4
188,026-46369,4(2009-10),15-Feb-10,5:30,7:50,140,0,F,I,A1Y,2,0.46,-0.019277,0.000372,46,-1.9,3.61,159,-13.67,186.8327,15.9,-1.4,1.96,11.22,1.1553,1.3348,2,-0.11,0.0111,2,-0.11,0.0131,1.419185,2.014087,-0.146708,0.021523,2
192,026-46379,3(2008-09),15-May-09,5:53,7:49,116,0,F,post,1Y,1,0.48,0.000723,0.000001,48,0.1,0.01,179,6.33,40.0857,17.9,0.6,0.36,10.33,0.2666,0.0711,2,-0.11,0.0111,1,-1.11,1.242,-0.528768,0.279596,-0.287694,0.082768,4
201,026-46397,3(2008-09),9-Mar-09,6:37,7:57,80,0,F,I,1Y,1,0.455,-0.024277,0.000589,45.5,-2.4,5.76,155,-17.67,312.1821,15.5,-1.8,3.24,10.13,0.065,0.0042,2,-0.11,0.0111,2,-0.11,0.0131,1.195672,1.429631,-0.826489,0.683083,3
202,026-46397,4(2009-10),23-Jan-10,5:18,6:01,43,0,F,L,A1Y,2,0.48,0.000723,0.000001,48,0.1,0.01,168,-4.67,21.7965,16.8,-0.5,0.25,11.32,1.2601,1.5879,2,-0.11,0.0111,3,0.89,0.7842,0.987857,0.975862,0.770918,0.594315,4
205,026-46405,3(2008-09),8-Apr-09,5:43,10:03,260,0,F,N,1Y,1,0.5,0.020723,0.000429,50,2.1,4.41,186,13.33,177.7242,18.6,1.3,1.69,9.92,-0.1395,0.0195,2,-0.11,0.0111,2.5,0.39,0.1486,-0.957104,0.916048,0.545476,0.297544,4
206,026-46443,4(2009-10),3-Mar-10,5:35,10:50,315,0,F,N,1Y,1,0.48,0.000723,0.000001,48,0.1,0.01,191,18.33,336.0375,19.1,1.8,3.24,9.94,-0.1188,0.0141,1.5,-0.61,0.3665,2,-0.11,0.0131,-1.09804,1.205692,-0.293991,0.086431,1
209,026-46513,3(2008-09),6-Apr-09,5:43,5:37,-6,0,F,N,1Y,1,0.55,0.070723,0.005002,55,7.1,50.41,184,11.33,128.3989,18.4,1.1,1.21,9.83,-0.2306,0.0532,1.5,-0.61,0.3665,3,0.89,0.7842,-1.871547,3.502687,0.73726,0.543553,6
212,026-46513,4(2009-10),13-Dec-09,4:55,5:11,16,0,F,pre,A1Y,2,0.5,0.020723,0.000429,50,2.1,4.41,195,22.33,498.6881,19.5,2.2,4.84,9.58,-0.476,0.2266,1.5,-0.61,0.3665,3.5,1.39,1.9197,-1.372965,1.885034,0.492414,0.242472,3
214,026-46537,3(2008-09),11-Mar-09,6:37,7:14,37,0,F,I,1Y,1,0.49,0.010723,0.000115,49,1.1,1.21,174,1.33,1.7724,17.4,0.1,0.01,10.88,0.8198,0.6721,1.5,-0.61,0.3665,0,-2.11,4.4709,-0.704431,0.496223,-0.957636,0.917067,3
216,026-46548,3(2008-09),29-Mar-09,6:41,7:04,23,0,F,N,1Y,1,0.51,0.030723,0.000944,51,3.1,9.61,176,3.33,11.0977,17.6,0.3,0.09,9.35,-0.7053,0.4975,1,-1.11,1.222,0,-2.11,4.4709,-2.022176,4.089196,-1.929959,3.724741,4
217,026-46554,3(2008-09),30-Mar-09,5:41,5:44,3,1,M,N,A1Y,2,0.52,0.040723,0.001658,52,4.1,16.81,200,27.33,747.0013,20,2.7,7.29,10.03,-0.0284,0.0008,2,-0.11,0.0111,1.5,-0.61,0.3776,-2.190358,4.797668,0.746597,0.557406,4
219,026-46566,3(2008-09),9-Mar-09,6:37,7:44,67,0,F,L,1Y,1,0.425,-0.054277,0.002946,42.5,-5.4,29.16,150,-22.67,513.8688,15,-2.3,5.29,11.57,1.5077,2.2731,2,-0.11,0.0111,1,-1.11,1.242,2.340603,5.478425,-1.021603,1.043672,5
222,026-46573,4(2009-10),15-Dec-09,4:56,6:32,96,0,F,pre,1Y,1,0.495,0.015723,0.000247,49.5,1.6,2.56,193,20.33,413.3628,19.3,2,4,9.12,-0.9399,0.8834,1,-1.11,1.222,2,-0.11,0.0131,-2.002992,4.011977,-0.985666,0.971537,4
228,026-49130,2(2007-08),10-Feb-08,6:27,8:48,141,0,F,L,A1Y,2,0.47,-0.009277,0.000086,47,-0.9,0.81,160,-12.67,160.4953,16,-1.3,1.69,12.19,2.1271,4.5246,3,0.89,0.8003,4,1.89,3.5553,2.537461,6.438707,2.341896,5.484477,5
229,026-49132,2(2007-08),13-Dec-07,5:55,6:41,46,1,M,pre,A1Y,2,0.5,0.020723,0.000429,50,2.1,4.41,176,3.33,11.0977,17.6,0.3,0.09,10.06,0.0011,0,3,0.89,0.8003,4,1.89,3.5553,0.309146,0.095571,2.046639,4.188732,1
233,026-49143,1(2006-07),19-Jan-07,6:15,6:40,25,0,F,B,AHY,1,0.46,-0.019277,0.000372,46,-1.9,3.61,161,-11.67,136.158,16.1,-1.2,1.44,10.43,0.3718,0.1383,3,0.89,0.8003,2.5,0.39,0.1486,1.449398,2.100756,0.771247,0.594822,4
235,026-49143,2(2007-08),26-Mar-08,6:41,8:19,98,0,F,I,A1Y,2,0.46,-0.019277,0.000372,46,-1.9,3.61,155,-17.67,312.1821,15.5,-1.8,3.24,9.82,-0.2418,0.0585,2,-0.11,0.0111,0.5,-1.61,2.6065,0.523031,0.273562,-1.54294,2.380663,6
237,026-49143,3(2008-09),31-Dec-08,6:04,7:50,106,0,F,pre,A1Y,3,0.495,0.015723,0.000247,49.5,1.6,2.56,161,-11.67,136.158,16.1,-1.2,1.44,9.16,-0.901,0.8118,1.5,-0.61,0.3665,0,-2.11,4.4709,-1.008056,1.016178,-2.034351,4.138584,5
239,026-49268,4(2009-10),4-Mar-10,5:36,9:24,228,1,M,N,A1Y,4,0.46,-0.019277,0.000372,46,-1.9,3.61,178,5.33,28.423,17.8,0.5,0.25,9.78,-0.2824,0.0797,2,-0.11,0.0111,1,-1.11,1.242,-0.355461,0.126352,-0.813745,0.662181,3
240,026-49269,3(2008-09),13-Feb-09,6:29,8:59,150,0,F,L,A1Y,3,0.52,0.040723,0.001658,52,4.1,16.81,198,25.33,641.676,19.8,2.5,6.25,11.05,0.9858,0.9718,2.5,0.39,0.1557,3.5,1.39,1.9197,-0.89549,0.801902,2.546463,6.484474,4
242,026-49270,2(2007-08),10-Feb-08,6:27,7:24,57,0,F,B,A1Y,2,0.46,-0.019277,0.000372,46,-1.9,3.61,152,-20.67,427.1941,15.2,-2.1,4.41,10.41,0.3519,0.1238,3,0.89,0.8003,3.5,1.39,1.9197,2.127266,4.525262,0.968917,0.938799,1
246,026-49274,2(2007-08),15-Apr-08,5:45,7:51,126,1,M,I,A1Y,2,0.49,0.010723,0.000115,49,1.1,1.21,171,-1.67,2.7845,17.1,-0.2,0.04,9.07,-0.9858,0.9717,2,-0.11,0.0111,0.5,-1.61,2.6065,-1.080351,1.167159,-1.170737,1.370625,2
255,026-49404,3(2008-09),13-May-09,5:52,6:51,59,1,M,N,A1Y,3,0.48,0.000723,0.000001,48,0.1,0.01,174,1.33,1.7724,17.4,0.1,0.01,10.36,0.297,0.0882,1.5,-0.61,0.3665,1,-1.11,1.242,-0.458968,0.210651,-0.910427,0.828877,3
257,026-49404,4(2009-10),2-Feb-10,5:23,9:36,253,1,M,L,A1Y,4,0.47,-0.009277,0.000086,47,-0.9,0.81,188,15.33,235.0495,18.8,1.5,2.25,10.65,0.5929,0.3515,2.5,0.39,0.1557,3,0.89,0.7842,0.162507,0.026409,1.319284,1.740511,1
260,026-49405,2(2007-08),25-Jan-08,6:19,9:09,170,1,M,B,1Y,1,0.48,0.000723,0.000001,48,0.1,0.01,169,-3.67,13.4592,16.9,-0.4,0.16,9.64,-0.42,0.1764,3,0.89,0.8003,1,-1.11,1.242,-0.076031,0.005781,0.186322,0.034716,3
261,026-49405,3(2008-09),31-Jan-09,6:23,9:08,165,1,M,B,A1Y,2,0.47,-0.009277,0.000086,47,-0.9,0.81,164,-8.67,75.1459,16.4,-0.9,0.81,9.67,-0.3909,0.1528,1,-1.11,1.222,1,-1.11,1.242,-0.30625,0.093789,-2.116098,4.477871,1
265,026-49423,2(2007-08),17-Feb-08,6:30,7:04,34,1,M,L,A1Y,2,0.44,-0.039277,0.001543,44,-3.9,15.21,161,-11.67,136.158,16.1,-1.2,1.44,10,-0.0584,0.0034,3,0.89,0.8003,3.5,1.39,1.9197,1.925633,3.708062,0.744458,0.554218,2
268,026-49424,2(2007-08),17-Feb-08,6:30,10:35,245,1,M,N,A1Y,2,0.5,0.020723,0.000429,50,2.1,4.41,161,-11.67,136.158,16.1,-1.2,1.44,9.8,-0.2605,0.0678,2,-0.11,0.0111,2,-0.11,0.0131,-0.064154,0.004116,-0.308688,0.095288,3
270,026-49436,1(2006-07),1-Dec-06,5:52,16:30,638,0,F,pre,AHY,1,0.48,0.000723,0.000001,48,0.1,0.01,173,0.33,0.1098,17.3,0,0,9.98,-0.0785,0.0062,2.5,0.39,0.1557,2.5,0.39,0.1486,0.180011,0.032404,0.552622,0.305391,3
271,026-49436,2(2007-08),13-Dec-07,5:55,7:23,88,0,F,pre,A1Y,2,0.43,-0.049277,0.002428,43,-4.9,24.01,152,-20.67,427.1941,15.2,-2.1,4.41,9.86,-0.1962,0.0385,3,0.89,0.8003,4,1.89,3.5553,2.592599,6.721569,0.557253,0.310531,6
272,026-49436,3(2008-09),12-Feb-09,6:29,8:35,126,0,F,I,A1Y,3,0.45,-0.029277,0.000857,45,-2.9,8.41,175,2.33,5.4351,17.5,0.2,0.04,12.11,2.0539,4.2183,1.5,-0.61,0.3665,3.5,1.39,1.9197,1.59085,2.530804,0.651458,0.424397,5
275,026-49437,2(2007-08),4-May-08,5:50,6:23,33,1,M,N,A1Y,2,0.51,0.030723,0.000944,51,3.1,9.61,172,-0.67,0.4471,17.2,-0.1,0.01,9.53,-0.5346,0.2858,2,-0.11,0.0111,0,-2.11,4.4709,-1.44437,2.086204,-0.901133,0.81204,6
280,026-49445,2(2007-08),15-Dec-07,5:55,5:54,-1,1,M,pre,A1Y,2,0.5,0.020723,0.000429,50,2.1,4.41,168,-4.67,21.7965,16.8,-0.5,0.25,9.78,-0.2781,0.0774,3,0.89,0.8003,3,0.89,0.7842,0.24005,0.057624,1.305686,1.704816,3
283,026-49445,4(2009-10),23-Jan-10,5:18,6:43,85,1,M,L,A1Y,4,0.5,0.020723,0.000429,50,2.1,4.41,185,12.33,152.0616,18.5,1.2,1.44,10.65,0.5884,0.3462,2,-0.11,0.0111,2,-0.11,0.0131,-0.730672,0.533882,0.664354,0.441366,4
284,026-49447,1(2006-07),7-Dec-06,5:53,17:30,697,1,M,pre,AHY,1,0.5,0.020723,0.000429,50,2.1,4.41,185,12.33,152.0616,18.5,1.2,1.44,9.25,-0.8103,0.6566,2,-0.11,0.0111,3,0.89,0.7842,-1.070183,1.145292,0.407254,0.165856,2
285,026-49448,1(2006-07),7-Dec-06,5:53,17:30,697,1,M,pre,AHY,1,0.45,-0.029277,0.000857,45,-2.9,8.41,162,-10.67,113.8206,16.2,-1.1,1.21,9.69,-0.374,0.1399,2,-0.11,0.0111,2,-0.11,0.0131,0.785245,0.61661,-0.933648,0.871698,2
286,026-49448,2(2007-08),26-Mar-08,6:41,10:35,234,1,M,L,A1Y,2,0.48,0.000723,0.000001,48,0.1,0.01,163,-9.67,93.4833,16.3,-1,1,9.72,-0.3362,0.113,1.5,-0.61,0.3665,1,-1.11,1.242,-0.26387,0.069628,-1.474307,2.17358,5
289,026-49508,2(2007-08),18-Apr-08,5:45,7:52,127,1,M,post,1Y,1,0.49,0.010723,0.000115,49,1.1,1.21,180,7.33,53.7483,18,0.7,0.49,10.87,0.8146,0.6635,2.5,0.39,0.1557,0.5,-1.61,2.6065,-0.49734,0.247347,0.430053,0.184946,1
290,026-49508,3(2008-09),18-Dec-08,5:57,6:44,47,1,M,pre,A1Y,2,0.525,0.045723,0.002091,52.5,4.6,21.16,196,23.33,544.3507,19.6,2.3,5.29,10.21,0.1517,0.023,1.5,-0.61,0.3665,0,-2.11,4.4709,-2.630537,6.919727,-0.348653,0.121559,4
291,026-49508,4(2009-10),2-Feb-10,5:23,9:36,253,1,M,L,A1Y,3,0.5,0.020723,0.000429,50,2.1,4.41,194,21.33,455.0254,19.4,2.1,4.41,10.41,0.3519,0.1238,2,-0.11,0.0111,1.5,-0.61,0.3776,-1.377996,1.898874,0.552064,0.304775,5
297,026-49527,4(2009-10),1-Mar-10,5:35,7:45,130,1,M,N,A1Y,3,0.51,0.030723,0.000944,51,3.1,9.61,185,12.33,152.0616,18.5,1.2,1.44,10.25,0.1903,0.0362,2,-0.11,0.0111,2,-0.11,0.0131,-1.099588,1.209095,0.590806,0.349052,1
298,026-49528,2(2007-08),6-Feb-08,6:25,9:00,155,0,F,I,1Y,1,0.46,-0.019277,0.000372,46,-1.9,3.61,170,-2.67,7.1218,17,-0.3,0.09,11.18,1.1199,1.2542,3,0.89,0.8003,4,1.89,3.5553,1.833249,3.360801,1.971336,3.886166,5
301,026-49528,3(2008-09),11-May-09,5:52,6:34,42,0,F,post,A1Y,2,0.47,-0.009277,0.000086,47,-0.9,0.81,177,4.33,18.7604,17.7,0.4,0.16,10.58,0.5204,0.2708,2,-0.11,0.0111,0,-2.11,4.4709,-0.430544,0.185368,-0.749184,0.561277,5
309,026-49534,2(2007-08),9-Jan-08,6:09,8:27,138,1,M,B,A1Y,2,0.52,0.040723,0.001658,52,4.1,16.81,174,1.33,1.7724,17.4,0.1,0.01,10.68,0.6243,0.3898,2.5,0.39,0.1557,1.5,-0.61,0.3776,-0.594518,0.353451,0.971969,0.944724,2
310,026-49535,2(2007-08),24-Mar-08,6:40,8:27,107,0,F,N,A1Y,2,0.51,0.030723,0.000944,51,3.1,9.61,180,7.33,53.7483,18,0.7,0.49,9.53,-0.5328,0.2839,1,-1.11,1.222,0,-2.11,4.4709,-2.119237,4.491165,-1.752805,3.072326,6
311,026-49544,2(2007-08),23-Mar-08,6:40,7:00,20,0,F,N,A1Y,2,0.54,0.060723,0.003687,54,6.1,37.21,199,26.33,693.3387,19.9,2.6,6.76,9.71,-0.3489,0.1217,3,0.89,0.8003,1,-1.11,1.242,-2.490249,6.201342,1.6368,2.679114,1
313,026-49545,2(2007-08),14-Dec-07,5:55,7:30,95,1,M,pre,A1Y,2,0.53,0.050723,0.002573,53,5.1,26.01,186,13.33,177.7242,18.6,1.3,1.69,12.94,2.8773,8.2788,2.5,0.39,0.1557,3,0.89,0.7842,0.149643,0.022393,3.087977,9.535601,1
315,026-49691,3(2008-09),24-Feb-09,6:33,10:03,210,0,F,N,A1Y,2,0.53,0.050723,0.002573,53,5.1,26.01,201,28.33,802.664,20.1,2.8,7.84,9.61,-0.449,0.2016,1.5,-0.61,0.3665,2,-0.11,0.0131,-2.629505,6.914296,0.374742,0.140431,4
321,026-49800,2(2007-08),18-Dec-07,5:57,6:16,19,1,M,pre,AHY,1,0.48,0.000723,0.000001,48,0.1,0.01,179,6.33,40.0857,17.9,0.6,0.36,10.85,0.7902,0.6244,3,0.89,0.8003,4,1.89,3.5553,0.91247,0.832602,2.260688,5.11071,5
325,026-49801,3(2008-09),15-May-09,5:53,6:45,52,1,M,post,A1Y,2,0.485,0.005723,0.000033,48.5,0.6,0.36,180,7.33,53.7483,18,0.7,0.49,10.82,0.7618,0.5803,2,-0.11,0.0111,0,-2.11,4.4709,-0.736029,0.541739,-0.384133,0.147558,3
327,026-49804,2(2007-08),25-Jan-08,6:19,7:00,41,0,F,pre,AHY,1,0.51,0.030723,0.000944,51,3.1,9.61,176,3.33,11.0977,17.6,0.3,0.09,9.9,-0.1594,0.0254,3,0.89,0.8003,4,1.89,3.5553,0.047671,0.002273,2.087844,4.359092,3
330,026-49807,2(2007-08),3-Feb-08,6:24,9:56,212,0,F,I,AHY,1,0.44,-0.039277,0.001543,44,-3.9,15.21,161,-11.67,136.158,16.1,-1.2,1.44,11.01,0.9514,0.9051,3,0.89,0.8003,3,0.89,0.7842,2.235772,4.998676,1.022945,1.046417,4
333,026-49809,2(2007-08),7-Mar-08,6:37,9:18,161,0,F,N,1Y,1,0.445,-0.034277,0.001175,44.5,-3.4,11.56,152,-20.67,427.1941,15.2,-2.1,4.41,9.72,-0.3362,0.113,2.5,0.39,0.1557,0,-2.11,4.4709,0.911279,0.83043,-1.526094,2.328964,1
334,026-49809,3(2008-09),9-Feb-09,6:27,11:54,327,0,F,I,A1Y,2,0.41,-0.069277,0.004799,41,-6.9,47.61,157,-15.67,245.5074,15.7,-1.6,2.56,10.52,0.4633,0.2147,1.5,-0.61,0.3665,2,-0.11,0.0131,1.975513,3.902651,-1.641558,2.694714,4
335,026-49809,4(2009-10),2-Feb-10,5:23,9:36,253,0,F,L,A1Y,3,0.38,-0.099277,0.009856,38,-9.9,98.01,140,-32.67,1067.2423,14,-3.3,10.89,11.87,1.8115,3.2815,1.5,-0.61,0.3665,3.5,1.39,1.9197,4.335336,18.795134,-1.117776,1.249423,5
336,026-49811,2(2007-08),27-Feb-08,6:34,11:17,283,0,F,N,1Y,1,0.525,0.045723,0.002091,52.5,4.6,21.16,187,14.33,205.3869,18.7,1.4,1.96,9.93,-0.1282,0.0164,3,0.89,0.8003,2,-0.11,0.0131,-1.288938,1.661362,1.702209,2.897514,4
340,026-49813,4(2009-10),17-Feb-10,5:31,9:28,237,1,M,N,A1Y,3,0.45,-0.029277,0.000857,45,-2.9,8.41,188,15.33,235.0495,18.8,1.5,2.25,10.39,0.3275,0.1073,2,-0.11,0.0111,3,0.89,0.7842,0.257514,0.066314,0.433551,0.187966,5
341,026-49815,3(2008-09),20-Feb-09,6:32,9:16,164,1,M,I,A1Y,2,0.47,-0.009277,0.000086,47,-0.9,0.81,183,10.33,106.7363,18.3,1,1,9.58,-0.4778,0.2283,2,-0.11,0.0111,2.5,0.39,0.1486,-0.412089,0.169817,-0.044456,0.001976,5
345,026-49822,2(2007-08),25-Jan-08,6:19,7:00,41,1,M,I,A1Y,2,0.52,0.040723,0.001658,52,4.1,16.81,170,-2.67,7.1218,17,-0.3,0.09,9.62,-0.436,0.1901,2.5,0.39,0.1557,2.5,0.39,0.1486,-0.605942,0.367166,0.784463,0.615382,6
347,026-49823,2(2007-08),25-Jan-08,6:19,8:47,148,0,F,L,A1Y,2,0.45,-0.029277,0.000857,45,-2.9,8.41,148,-24.67,608.5435,14.8,-2.5,6.25,11.35,1.2923,1.67,3,0.89,0.8003,3,0.89,0.7842,2.769985,7.672819,1.001323,1.002648,7
348,026-49828,2(2007-08),6-Feb-08,6:25,6:52,27,1,M,L,A1Y,2,0.48,0.000723,0.000001,48,0.1,0.01,178,5.33,28.423,17.8,0.5,0.25,9.3,-0.7607,0.5786,3,0.89,0.8003,2,-0.11,0.0131,-0.331016,0.109571,0.651344,0.42425,4
349,026-49844,2(2007-08),13-Feb-08,6:29,8:32,123,0,F,I,A1Y,2,0.495,0.015723,0.000247,49.5,1.6,2.56,176,3.33,11.0977,17.6,0.3,0.09,9.98,-0.0785,0.0062,3,0.89,0.8003,2,-0.11,0.0131,-0.218344,0.047674,1.111985,1.23651,2
351,026-49845,3(2008-09),16-Dec-08,5:56,7:25,89,0,F,pre,A1Y,3,0.5,0.020723,0.000429,50,2.1,4.41,182,9.33,87.0736,18.2,0.9,0.81,10.57,0.5111,0.2612,2,-0.11,0.0111,4,1.89,3.5553,-0.048384,0.002341,1.393489,1.941813,5
354,026-49848,4(2009-10),31-Dec-09,5:04,5:49,45,1,M,pre,A1Y,3,0.475,-0.004277,0.000018,47.5,-0.4,0.16,181,8.33,69.411,18.1,0.8,0.64,9.58,-0.476,0.2266,1,-1.11,1.222,1,-1.11,1.242,-1.183203,1.39997,-1.69901,2.886635,4
355,026-49849,2(2007-08),18-Mar-08,6:39,7:06,27,0,F,I,AHY,1,0.52,0.040723,0.001658,52,4.1,16.81,191,18.33,336.0375,19.1,1.8,3.24,10.09,0.0252,0.0006,2.5,0.39,0.1557,2,-0.11,0.0131,-1.462963,2.140262,1.290665,1.665815,1
356,026-49851,3(2008-09),14-Jan-09,6:12,7:11,59,0,F,B,1Y,1,0.5,0.020723,0.000429,50,2.1,4.41,185,12.33,152.0616,18.5,1.2,1.44,9.76,-0.3021,0.0913,2,-0.11,0.0111,3,0.89,0.7842,-0.840378,0.706236,0.652697,0.426014,5
359,026-49853,3(2008-09),17-Dec-08,5:56,6:25,29,1,M,pre,A1Y,1,0.495,0.015723,0.000247,49.5,1.6,2.56,181,8.33,69.411,18.1,0.8,0.64,10.39,0.3275,0.1073,3,0.89,0.8003,4,1.89,3.5553,0.332361,0.110464,2.262221,5.117646,5
368,026-49868,2(2007-08),28-Feb-08,6:34,9:06,152,1,M,N,1Y,1,0.525,0.045723,0.002091,52.5,4.6,21.16,189,16.33,266.7122,18.9,1.6,2.56,11.11,1.0529,1.1085,3,0.89,0.8003,1.5,-0.61,0.3776,-0.988871,0.977865,2.110349,4.453573,5
371,026-49880,3(2008-09),13-Mar-09,6:38,9:58,200,0,F,L,1Y,1,0.49,0.010723,0.000115,49,1.1,1.21,163,-9.67,93.4833,16.3,-1,1,11.08,1.0195,1.0393,2,-0.11,0.0111,2.5,0.39,0.1486,0.762506,0.581415,0.446922,0.199739,5
373,026-49880,4(2009-10),15-Feb-10,5:30,6:34,64,0,F,I,A1Y,2,0.45,-0.029277,0.000857,45,-2.9,8.41,180,7.33,53.7483,18,0.7,0.49,9.01,-1.0497,1.1019,2,-0.11,0.0111,2,-0.11,0.0131,-0.308091,0.09492,-0.8377,0.701741,1
378,026-49886,4(2009-10),13-Dec-09,4:55,5:11,16,1,M,pre,A1Y,2,0.49,0.010723,0.000115,49,1.1,1.21,186,13.33,177.7242,18.6,1.3,1.69,9.07,-0.9853,0.9708,1,-1.11,1.222,2,-0.11,0.0131,-1.62271,2.633189,-1.231176,1.515795,3
379,026-59532,3(2008-09),18-Dec-08,5:57,7:12,75,0,F,pre,AHY,1,0.41,-0.069277,0.004799,41,-6.9,47.61,168,-4.67,21.7965,16.8,-0.5,0.25,8.79,-1.2707,1.6148,1.5,-0.61,0.3665,0,-2.11,4.4709,0.124038,0.015385,-3.057807,9.350185,3
380,026-59533,3(2008-09),30-Mar-09,5:41,5:44,3,0,F,I,1Y,1,0.505,0.025723,0.000662,50.5,2.6,6.76,190,17.33,300.3748,19,1.7,2.89,9.53,-0.5346,0.2858,2,-0.11,0.0111,1.5,-0.61,0.3776,-1.698251,2.884057,0.089433,0.007998,1
383,026-59926,4(2009-10),25-Mar-10,5:40,6:43,63,1,M,N,A1Y,2,0.46,-0.019277,0.000372,46,-1.9,3.61,161,-11.67,136.158,16.1,-1.2,1.44,10.72,0.6643,0.4412,2,-0.11,0.0111,2,-0.11,0.0131,1.109626,1.23127,-0.336923,0.113517,5
384,026-59955,4(2009-10),16-Mar-10,5:39,6:10,31,1,M,N,1Y,1,0.49,0.010723,0.000115,49,1.1,1.21,161,-11.67,136.158,16.1,-1.2,1.44,8.73,-1.3325,1.7756,2,-0.11,0.0111,0,-2.11,4.4709,-0.945953,0.894827,-1.781999,3.175519,3
385,026-59982,4(2009-10),13-Mar-10,5:38,6:00,22,0,F,N,1Y,1,0.49,0.010723,0.000115,49,1.1,1.21,155,-17.67,312.1821,15.5,-1.8,3.24,9.12,-0.9399,0.8834,1,-1.11,1.222,1,-1.11,1.242,-0.538406,0.289881,-2.354949,5.545787,4
387,026-59984,4(2009-10),29-Dec-09,5:02,5:28,26,0,F,pre,1Y,1,0.44,-0.039277,0.001543,44,-3.9,15.21,159,-13.67,186.8327,15.9,-1.4,1.96,8.54,-1.5246,2.3245,1,-1.11,1.222,3.5,1.39,1.9197,0.699053,0.488675,-2.091039,4.372446,2
388,026-59986,4(2009-10),3-Mar-10,5:35,7:48,133,0,F,I,1Y,1,0.5,0.020723,0.000429,50,2.1,4.41,177,4.33,18.7604,17.7,0.4,0.16,9.98,-0.0785,0.0062,1,-1.11,1.222,3,0.89,0.7842,-0.714692,0.510785,-0.467221,0.218295,5
391,026-59995,4(2009-10),31-Mar-10,5:42,10:08,266,1,M,I,A1Y,2,0.54,0.060723,0.003687,54,6.1,37.21,194,21.33,455.0254,19.4,2.1,4.41,10.04,-0.0182,0.0003,2,-0.11,0.0111,3.5,1.39,1.9197,-1.715001,2.941227,1.685052,2.839399,1
392,026-60003,3(2008-09),21-Jan-09,6:17,7:10,53,0,F,L,1Y,1,0.45,-0.029277,0.000857,45,-2.9,8.41,156,-16.67,277.8447,15.6,-1.7,2.89,8.91,-1.1498,1.3221,2,-0.11,0.0111,1,-1.11,1.242,0.404057,0.163262,-1.867521,3.487636,3
397,026-60016,4(2009-10),2-Feb-10,5:23,7:20,117,1,M,B,A1Y,2,0.45,-0.029277,0.000857,45,-2.9,8.41,158,-14.67,215.17,15.8,-1.5,2.25,9.37,-0.6894,0.4753,1,-1.11,1.222,0.5,-1.61,2.6065,0.052676,0.002775,-2.847681,8.109285,2
400,026-60039,3(2008-09),16-Jan-09,6:14,7:26,72,0,F,B,A1Y,2,0.48,0.000723,0.000001,48,0.1,0.01,181,8.33,69.411,18.1,0.8,0.64,9.99,-0.0682,0.0046,2.5,0.39,0.1557,1,-1.11,1.242,-0.604918,0.365926,0.117642,0.01384,1
401,026-60039,4(2009-10),28-Apr-10,5:48,7:11,83,0,F,I,A1Y,3,0.49,0.010723,0.000115,49,1.1,1.21,178,5.33,28.423,17.8,0.5,0.25,9.72,-0.3362,0.113,2,-0.11,0.0111,1.5,-0.61,0.3776,-0.799996,0.639994,-0.274353,0.07527,4
404,026-60046,3(2008-09),15-Apr-09,5:45,6:09,24,1,M,N,1Y,1,0.48,0.000723,0.000001,48,0.1,0.01,163,-9.67,93.4833,16.3,-1,1,9.36,-0.7006,0.4909,1.5,-0.61,0.3665,1,-1.11,1.242,-0.42865,0.183741,-1.6503,2.723489,1
405,026-60049,2(2007-08),15-Apr-08,5:45,7:26,101,0,F,N,A1Y,2,0.54,0.060723,0.003687,54,6.1,37.21,187,14.33,205.3869,18.7,1.4,1.96,8.85,-1.2097,1.4635,2.5,0.39,0.1557,1.5,-0.61,0.3776,-2.370595,5.619723,0.628636,0.395184,5
406,026-60050,2(2007-08),15-Apr-08,5:45,7:26,101,1,M,N,A1Y,2,0.47,-0.009277,0.000086,47,-0.9,0.81,165,-7.67,58.8086,16.5,-0.8,0.64,10.19,0.1273,0.0162,3,0.89,0.8003,0,-2.11,4.4709,0.242444,0.058779,-0.180338,0.032522,5
411,026-60055,4(2009-10),19-Dec-09,4:57,6:55,118,0,F,pre,A1Y,3,0.46,-0.019277,0.000372,46,-1.9,3.61,177,4.33,18.7604,17.7,0.4,0.16,9.12,-0.9399,0.8834,1.5,-0.61,0.3665,2,-0.11,0.0131,-0.478816,0.229265,-1.256444,1.57865,3
418,026-65229,3(2008-09),21-Apr-09,5:46,8:18,152,0,F,N,1Y,1,0.54,0.060723,0.003687,54,6.1,37.21,198,25.33,641.676,19.8,2.5,6.25,10.07,0.011,0.0001,1,-1.11,1.222,2,-0.11,0.0131,-2.641872,6.979487,0.125133,0.015658,2
419,026-65242,3(2008-09),21-Apr-09,5:46,5:43,-3,1,M,N,1Y,1,0.57,0.090723,0.008231,57,9.1,82.81,211,38.33,1469.2905,21.1,3.8,14.44,9.5,-0.5635,0.3176,2,-0.11,0.0111,1,-1.11,1.242,-4.004729,16.037856,1.130618,1.278297,5
420,026-65243,3(2008-09),16-Apr-09,5:45,8:32,167,1,M,N,1Y,1,0.47,-0.009277,0.000086,47,-0.9,0.81,183,10.33,106.7363,18.3,1,1,9.11,-0.9496,0.9017,1.5,-0.61,0.3665,0,-2.11,4.4709,-1.520641,2.31235,-1.838495,3.380063,2
421,026-65320,4(2009-10),27-Mar-10,5:41,8:26,165,1,M,L,1Y,1,0.48,0.000723,0.000001,48,0.1,0.01,172,-0.67,0.4471,17.2,-0.1,0.01,9.61,-0.449,0.2016,2,-0.11,0.0111,0,-2.11,4.4709,-0.838968,0.703867,-1.215953,1.478542,4
423,026-67701,4(2009-10),13-Mar-10,5:38,6:00,22,0,F,N,A1Y,2,0.48,0.000723,0.000001,48,0.1,0.01,155,-17.67,312.1821,15.5,-1.8,3.24,9.62,-0.4354,0.1896,1.5,-0.61,0.3665,3,0.89,0.7842,0.627345,0.393562,-0.873051,0.762218,6
425,026-67727,4(2009-10),24-Mar-10,5:40,6:57,77,0,F,L,A1Y,2,0.48,0.000723,0.000001,48,0.1,0.01,171,-1.67,2.7845,17.1,-0.2,0.04,10.74,0.6814,0.4644,2,-0.11,0.0111,4,1.89,3.5553,0.887847,0.788272,0.980232,0.960854,2
426,026-67752,4(2009-10),24-Mar-10,5:40,6:10,30,1,M,L,A1Y,2,0.52,0.040723,0.001658,52,4.1,16.81,172,-0.67,0.4471,17.2,-0.1,0.01,9.2,-0.8555,0.7318,1,-1.11,1.222,3,0.89,0.7842,-1.225012,1.500656,-0.722346,0.521784,2
427,026-67772,4(2009-10),13-Mar-10,5:38,6:00,22,1,M,N,A1Y,2,0.52,0.040723,0.001658,52,4.1,16.81,168,-4.67,21.7965,16.8,-0.5,0.25,10.14,0.0793,0.0063,2,-0.11,0.0111,2.5,0.39,0.1486,-0.448171,0.200857,0.466302,0.217437,6
429,026-72402,4(2009-10),6-Feb-10,5:26,7:08,102,0,F,L,1Y,1,0.44,-0.039277,0.001543,44,-3.9,15.21,158,-14.67,215.17,15.8,-1.5,2.25,11.69,1.6292,2.6542,2,-0.11,0.0111,2,-0.11,0.0131,2.055042,4.223198,-0.178732,0.031945,6
